kalibracja_20_96_5_uW_1.ptu	 	 	kalibracja_20_96_5_uW_2.ptu	 	 	kalibracja_20_96_5_uW_3.ptu	 	 	kalibracja_20_96_5_uW_4.ptu	 	 	kalibracja_20_96_5_uW_5.ptu	 	 	kalibracja_20_96_5_uW_6.ptu	 	 	kalibracja_20_96_5_uW_7.ptu	 	 	kalibracja_20_96_5_uW_8.ptu	 	 	kalibracja_20_96_5_uW_9.ptu	 	 	kalibracja_20_96_5_uW_10.ptu	 	 
Correlation time[ms]	G(t)[]	켇rr []	Correlation time[ms]	G(t)[]	켇rr []	Correlation time[ms]	G(t)[]	켇rr []	Correlation time[ms]	G(t)[]	켇rr []	Correlation time[ms]	G(t)[]	켇rr []	Correlation time[ms]	G(t)[]	켇rr []	Correlation time[ms]	G(t)[]	켇rr []	Correlation time[ms]	G(t)[]	켇rr []	Correlation time[ms]	G(t)[]	켇rr []	Correlation time[ms]	G(t)[]	켇rr []
0.0001374994500022	2.66868801521679	0.475279600014865	0.0001374994500022	2.16339788606843	0.787868456045319	0.0001374994500022	1.43067113563437	0.535544266543373	0.0001374994500022	1.44258826533172	0.605186548889109	0.0001374994500022	0.834622299257702	0.82909748409517	0.0001374994500022	0.940481302732113	0.883673967904708	0.0001374994500022	2.02198173632403	0.517635932905921	0.0001374994500022	3.47042364896132	0.754095659217748	0.0001374994500022	1.57714881666128	0.623215326497125	0.0001374994500022	0.732841219402118	0.622833811598447
0.0001624993500026	1.44233288390615	0.493710999181039	0.0001624993500026	1.65469634968262	0.590612626321449	0.0001624993500026	0.684324196434829	0.698870162524124	0.0001624993500026	2.55540216120925	0.70734858833058	0.0001624993500026	1.15530582588463	0.467311446615145	0.0001624993500026	1.0693588338564	0.650234426357371	0.0001624993500026	2.20784124822452	0.382767610373361	0.0001624993500026	3.40168529621262	0.943476436092182	0.0001624993500026	1.94748066383019	0.699949938731419	0.0001624993500026	2.22223720960589	0.52561962341242
0.000187499250003	2.54287570856824	0.509233186154923	0.000187499250003	1.48319916470268	0.449864441442646	0.000187499250003	0.943955703596237	0.842404825943334	0.000187499250003	2.17789941506898	1.26413291025759	0.000187499250003	1.54319731275358	0.312012588738542	0.000187499250003	2.29320071661269	0.790532595326702	0.000187499250003	2.09423052085223	0.679678420740327	0.000187499250003	2.14554630167588	0.90273684402963	0.000187499250003	1.40435512632718	0.622771828473301	0.000187499250003	1.86926279503157	0.678849967115634
0.0002124991500034	1.65034987264723	0.891707958301559	0.0002124991500034	0.0394702225378409	0.298532274606349	0.0002124991500034	1.08850364094144	0.586927611377722	0.0002124991500034	1.45237874371009	0.694891925796274	0.0002124991500034	2.48045533459016	0.643814022569385	0.0002124991500034	1.21470684981418	0.72436103220055	0.0002124991500034	2.29416959773466	0.862107332059986	0.0002124991500034	2.23787851188394	0.808575218039654	0.0002124991500034	1.23693408032859	0.55351077267357	0.0002124991500034	1.74734276584435	0.757304773491553
0.0002374990500038	1.74218083050289	0.482557823545079	0.0002374990500038	1.60183217886634	0.388549504582902	0.0002374990500038	2.7704409460566	0.659632032521082	0.0002374990500038	1.67383822821983	0.559689773554172	0.0002374990500038	2.90850574427959	0.537564810868685	0.0002374990500038	1.72637830229369	0.434029910983624	0.0002374990500038	2.71652124163682	0.725628747205447	0.0002374990500038	1.4300292315159	1.10899637511438	0.0002374990500038	1.07574770884732	0.443466076879069	0.0002374990500038	2.22506382211372	0.785528993883303
0.0002624989500042	0.961004057763067	0.380575733716613	0.0002624989500042	1.76254286039059	0.553217291017496	0.0002624989500042	2.15382331427375	0.604963525760361	0.0002624989500042	2.39086282002948	0.516949453012774	0.0002624989500042	1.71191750417455	0.384716592040153	0.0002624989500042	2.41715907088186	0.636460036531063	0.0002624989500042	1.92790725166714	0.702978658440058	0.0002624989500042	1.50607460437882	0.594654928652213	0.0002624989500042	2.0480925671855	0.757640685615925	0.0002624989500042	0.962904334080317	0.571691830654358
0.0002874988500046	1.02295998156003	0.437943948301304	0.0002874988500046	1.49054609308874	0.467402536695995	0.0002874988500046	1.38508464824561	0.256812600070026	0.0002874988500046	1.28275844078395	0.480643325057087	0.0002874988500046	1.82706545601139	0.609846867025424	0.0002874988500046	2.96181757044415	0.437195243566414	0.0002874988500046	2.02980914106773	0.557134169398878	0.0002874988500046	2.10739579438381	0.720100680542547	0.0002874988500046	1.78622831318897	0.553608953120087	0.0002874988500046	2.18460371792517	0.813929958289548
0.000312498750005	0.835777581262727	0.50537701130739	0.000312498750005	2.11233963417828	0.536347316358244	0.000312498750005	1.60002468935453	0.701442626720074	0.000312498750005	2.29436758110102	0.691264208519876	0.000312498750005	1.6904798058854	0.689668197939097	0.000312498750005	2.223224629917	0.788189346939392	0.000312498750005	1.55805516532878	0.462037450743945	0.000312498750005	1.86571217802142	0.725015690188948	0.000312498750005	1.30938599143193	0.718263357680492	0.000312498750005	2.72216354029129	0.744266149037255
0.0003374986500054	2.12040806433956	0.699519587999322	0.0003374986500054	2.04241175871493	0.314153013929382	0.0003374986500054	1.99287478793126	0.396364561369877	0.0003374986500054	0.638072175501615	0.469905709229	0.0003374986500054	1.08702567115693	0.275112068370474	0.0003374986500054	1.46667590780255	0.710014744020507	0.0003374986500054	1.32773024306165	0.441059526438117	0.0003374986500054	2.15953409166689	0.706865317337922	0.0003374986500054	1.99238152546491	1.04237730503427	0.0003374986500054	2.04935305521222	0.698825451514283
0.0003624985500058	1.69402178086828	0.47189179892714	0.0003624985500058	1.41039715895282	0.404148139781108	0.0003624985500058	2.19178243660196	0.746157292534003	0.0003624985500058	1.11270301645505	0.33647072903551	0.0003624985500058	2.13282343052682	0.673758517420842	0.0003624985500058	0.761074355051213	0.557724476191788	0.0003624985500058	1.7800927146429	0.813073597126368	0.0003624985500058	2.50871367926601	0.398471903550422	0.0003624985500058	2.51195345511834	0.68112616950018	0.0003624985500058	3.1936644682354	0.643324667005187
0.0003874984500062	1.26843124126449	0.375399113149663	0.0003874984500062	0.829334018626134	0.410376446531832	0.0003874984500062	1.5389621194197	0.51312760041112	0.0003874984500062	1.67984619390195	0.708578506906179	0.0003874984500062	2.11756767663688	0.634025582397091	0.0003874984500062	1.01132256033179	0.564120736561476	0.0003874984500062	2.00156731593458	0.38497913019375	0.0003874984500062	1.93396293106557	0.544637559692271	0.0003874984500062	0.758735806428838	0.643010155448951	0.0003874984500062	0.830530237297588	0.768563965694147
0.0004249983000068	1.36849882885897	0.376903002958918	0.0004249983000068	2.04102913840072	0.57709095050763	0.0004249983000068	1.22113640516185	0.379251551486575	0.0004249983000068	0.991247399205647	0.228983809394595	0.0004249983000068	2.24862836773936	0.339265696401077	0.0004249983000068	0.93986643921938	0.441164249762972	0.0004249983000068	1.5712191483328	0.338232530161851	0.0004249983000068	2.48236319144139	0.378189976041497	0.0004249983000068	1.54383953600495	0.542548267006366	0.0004249983000068	0.870690884639973	0.318452046086893
0.0004749981000076	2.18785978844062	0.347775456738977	0.0004749981000076	1.149345244454	0.229756329884558	0.0004749981000076	1.54703420352257	0.475788387093814	0.0004749981000076	2.2427918916249	0.428043526660814	0.0004749981000076	1.5041804440012	0.297932862856695	0.0004749981000076	1.55052630233285	0.50158433545677	0.0004749981000076	1.07369851201767	0.622430284302533	0.0004749981000076	2.89009605602332	0.518480066118471	0.0004749981000076	2.03479133127027	0.40847622504657	0.0004749981000076	1.2852239301791	0.5039202284917
0.0005249979000084	1.54371505747419	0.345782029244057	0.0005249979000084	1.87240153347891	0.412459597710106	0.0005249979000084	2.08939035996878	0.36783636524086	0.0005249979000084	1.21710616378646	0.386164699853197	0.0005249979000084	2.01858404379377	0.614134241035368	0.0005249979000084	1.70080158276837	0.349874054840478	0.0005249979000084	1.80854664125677	0.453799612923327	0.0005249979000084	1.84845110806552	0.524907139111825	0.0005249979000084	2.22780649436194	0.553104856830623	0.0005249979000084	1.94223929187255	0.368259648568745
0.0005749977000092	2.0039654083884	0.484144144748819	0.0005749977000092	0.837062039917923	0.375072228387388	0.0005749977000092	1.7767839746597	0.445814181230498	0.0005749977000092	2.11847284722435	0.43794319234343	0.0005749977000092	1.67739368942292	0.514737230774159	0.0005749977000092	1.9182865284682	0.465720730944292	0.0005749977000092	1.18671931352922	0.396290664605684	0.0005749977000092	1.5430488455671	0.325145526467233	0.0005749977000092	2.13019347497566	0.487861880840297	0.0005749977000092	1.99772643792408	0.431411622943648
0.00062499750001	1.4624879738777	0.410157831411409	0.00062499750001	1.51576126714546	0.214931281060847	0.00062499750001	1.57873571732457	0.388592302332264	0.00062499750001	1.52639256464196	0.297288529060135	0.00062499750001	1.5495111968427	0.308181272544278	0.00062499750001	1.92591610018478	0.423120269323229	0.00062499750001	1.87491842475058	0.512457846257378	0.00062499750001	2.79960133294125	0.362860923155039	0.00062499750001	2.06299016203925	0.405878278734852	0.00062499750001	1.62532184080643	0.361857540488757
0.0006749973000108	1.66252889629841	0.322127126684135	0.0006749973000108	1.03977874206481	0.275113986448376	0.0006749973000108	1.47348684761285	0.420351434423979	0.0006749973000108	1.64783386519843	0.371108638356977	0.0006749973000108	1.68480110400636	0.294526660233588	0.0006749973000108	1.82680058433811	0.367739997858999	0.0006749973000108	1.46086127503312	0.435661902573846	0.0006749973000108	2.14097859682934	0.416408695372294	0.0006749973000108	1.2757039658174	0.395765851049692	0.0006749973000108	0.944681421622815	0.243172879047882
0.0007249971000116	1.82766767081076	0.301674628261216	0.0007249971000116	1.31578837658842	0.402598023967671	0.0007249971000116	1.54779208172113	0.275617895103823	0.0007249971000116	1.9805997462512	0.351685776320697	0.0007249971000116	1.79854671546169	0.428098436468134	0.0007249971000116	1.70921262413519	0.441689808699283	0.0007249971000116	2.07049280758768	0.496890541936692	0.0007249971000116	1.23864364552427	0.433537509574782	0.0007249971000116	1.79952198561142	0.286196604633938	0.0007249971000116	1.45392108320009	0.601724583562836
0.0007749969000124	1.62393075814935	0.341713429251594	0.0007749969000124	1.73878370267622	0.368279362368904	0.0007749969000124	0.737992850404374	0.346648194379632	0.0007749969000124	1.60568160490479	0.396305120948391	0.0007749969000124	2.24109986766118	0.461115185269423	0.0007749969000124	1.69543881072074	0.470371383880751	0.0007749969000124	1.74110892255293	0.312673729384064	0.0007749969000124	2.18321848938506	0.4032572355428	0.0007749969000124	1.51393551364477	0.768684552299745	0.0007749969000124	2.1709824189413	0.39843462638227
0.0008249967000132	1.1890679310558	0.336650714705268	0.0008249967000132	1.86010518431265	0.340915527714443	0.0008249967000132	1.80424544328859	0.316230970841699	0.0008249967000132	1.58390896286714	0.349574095121905	0.0008249967000132	1.98787428079997	0.38253407465373	0.0008249967000132	1.65663020289912	0.553901972153913	0.0008249967000132	1.21512301259242	0.270630019393798	0.0008249967000132	2.03869839331475	0.526476910365568	0.0008249967000132	2.05512763775962	0.775315045625622	0.0008249967000132	1.79053870042357	0.45958745832654
0.000874996500014	1.71438726132975	0.566629686086011	0.000874996500014	1.83955763425295	0.216850271115352	0.000874996500014	1.5755201303499	0.408051128603101	0.000874996500014	1.52658232190437	0.255601274319045	0.000874996500014	2.11309793724399	0.492410841978099	0.000874996500014	1.38743314595509	0.377071039037655	0.000874996500014	2.05962135790062	0.597731475039618	0.000874996500014	1.5329364676651	0.329425620321401	0.000874996500014	2.27921717690935	0.484005879374022	0.000874996500014	1.9845058496878	0.407397241885574
0.0009249963000148	1.29185748981193	0.233865835536801	0.0009249963000148	1.3674076720008	0.197755337828998	0.0009249963000148	1.72468917316595	0.44934834256754	0.0009249963000148	1.21660652367186	0.288941661270847	0.0009249963000148	1.81213479932535	0.381007170761622	0.0009249963000148	1.37518653152518	0.37155112805518	0.0009249963000148	1.80372904310926	0.370286683472654	0.0009249963000148	1.16878360488354	0.43963404483974	0.0009249963000148	1.16356943865795	0.337666461255383	0.0009249963000148	2.17385494431175	0.53213597116048
0.0009749961000156	2.16146330968069	0.453920259879676	0.0009749961000156	1.54100446170199	0.382679737632169	0.0009749961000156	2.23012259744339	0.568573933621517	0.0009749961000156	1.39754766309403	0.406125386565123	0.0009749961000156	2.0339374029172	0.446595425119439	0.0009749961000156	1.99651407086211	0.538230188259027	0.0009749961000156	1.39620277159989	0.375618994185291	0.0009749961000156	2.0453443638564	0.545136751346247	0.0009749961000156	1.28757657445186	0.452111733362041	0.0009749961000156	2.04728417806261	0.341754164705677
0.0010249959000164	1.609981648944	0.274540851312239	0.0010249959000164	0.985662429638006	0.255774034289351	0.0010249959000164	1.41852724708579	0.383525925292229	0.0010249959000164	1.4615835023948	0.43245701065361	0.0010249959000164	1.15580649770217	0.166464605305539	0.0010249959000164	1.99027144798716	0.452566856095891	0.0010249959000164	1.62436028836498	0.458032064858279	0.0010249959000164	2.59572819903851	0.347206041635466	0.0010249959000164	2.18184017907501	0.547495342246498	0.0010249959000164	1.92312840223198	0.502091145048337
0.0010749957000172	1.12255858180856	0.264875234101891	0.0010749957000172	1.8458784394163	0.26814270472168	0.0010749957000172	1.65796514239659	0.532270278706978	0.0010749957000172	1.44605113093299	0.320917258269556	0.0010749957000172	1.73815307742754	0.447229478856237	0.0010749957000172	2.00729818549919	0.389259063137456	0.0010749957000172	1.87689324528854	0.439840581624623	0.0010749957000172	2.20895860083006	0.365906622872303	0.0010749957000172	2.4512772674984	0.379247850207235	0.0010749957000172	1.765808669182	0.382852731766508
0.001124995500018	1.64900864897654	0.437214973265628	0.001124995500018	1.40705037523863	0.449156865547019	0.001124995500018	2.05658077837324	0.404080593918292	0.001124995500018	1.18299848663958	0.319493210534207	0.001124995500018	2.24487157360374	0.413573386883831	0.001124995500018	1.48988354320864	0.197017923029213	0.001124995500018	1.37100569321148	0.332104734684653	0.001124995500018	2.58350351584802	0.568977872104669	0.001124995500018	2.30877201020735	0.555764522493017	0.001124995500018	1.2616852648393	0.274183980026662
0.0011749953000188	1.84675889838963	0.191327625546872	0.0011749953000188	1.09094772598061	0.273808919181651	0.0011749953000188	1.23910873274044	0.330080601017499	0.0011749953000188	1.72684250569464	0.306230301498624	0.0011749953000188	2.84082173164974	0.475279204333569	0.0011749953000188	0.867769271798772	0.40994342480955	0.0011749953000188	1.52592052373481	0.448428076394685	0.0011749953000188	2.71815156311969	0.647740660144101	0.0011749953000188	1.6439010504002	0.399266672794393	0.0011749953000188	2.25074701662774	0.43391273752911
0.00124999500002	1.56961516661697	0.122145025387491	0.00124999500002	2.02247086929166	0.345615131148019	0.00124999500002	1.49964102168658	0.167125177243507	0.00124999500002	1.54734061787813	0.334344016467771	0.00124999500002	1.72700840093233	0.341613747185756	0.00124999500002	2.14353956238567	0.31952726117921	0.00124999500002	1.50364062951504	0.345374269298663	0.00124999500002	2.08908415820203	0.312472505724105	0.00124999500002	1.46654249189805	0.293342541624145	0.00124999500002	1.49623421966517	0.283488762233869
0.0013499946000216	1.82188315525114	0.239604936881326	0.0013499946000216	1.2095043309797	0.254152259064518	0.0013499946000216	1.57118956725993	0.27925831892281	0.0013499946000216	0.991723137428124	0.234731391115477	0.0013499946000216	1.20057115031028	0.238879807731478	0.0013499946000216	1.35753041622923	0.232663850672809	0.0013499946000216	1.7605239210875	0.354610686560987	0.0013499946000216	1.74597103198547	0.288980877366678	0.0013499946000216	2.01408666391251	0.405115506781754	0.0013499946000216	1.51276566465441	0.288900696147546
0.0014499942000232	1.4029529504036	0.214421226992821	0.0014499942000232	1.26051265257525	0.139257719572332	0.0014499942000232	1.29838567875694	0.225786831853215	0.0014499942000232	1.79680086332982	0.359029069112493	0.0014499942000232	1.94520179463246	0.245805520349766	0.0014499942000232	1.93628555642622	0.264354334503393	0.0014499942000232	1.11617932957053	0.267195296186792	0.0014499942000232	2.02077157408498	0.223923760786015	0.0014499942000232	1.52386927796919	0.213501135997328	0.0014499942000232	1.69031580370011	0.38196747483168
0.0015499938000248	1.60837911008133	0.36852001037851	0.0015499938000248	1.60111662363027	0.153517655961781	0.0015499938000248	1.61055032792207	0.377453621818348	0.0015499938000248	1.06461566829571	0.379688791852674	0.0015499938000248	1.34204174616602	0.102065983928251	0.0015499938000248	1.3588929341799	0.369121241827731	0.0015499938000248	1.64126073040359	0.0821285727406604	0.0015499938000248	1.33431192421388	0.244083499007379	0.0015499938000248	1.32302320891074	0.313514528865831	0.0015499938000248	1.74723813051392	0.36314122196375
0.0016499934000264	1.22262154464876	0.1390285837429	0.0016499934000264	1.21593246889202	0.252867780368011	0.0016499934000264	1.32652548719014	0.19116424013097	0.0016499934000264	1.79019366551216	0.232986417674866	0.0016499934000264	1.31296455352762	0.279387763447995	0.0016499934000264	2.21674500384438	0.267210908132785	0.0016499934000264	1.2315490632216	0.195232183388321	0.0016499934000264	1.84616244232029	0.324605815220154	0.0016499934000264	1.58768135449621	0.28000675579435	0.0016499934000264	1.69760382288162	0.336194879980578
0.001749993000028	1.28162752370041	0.255128071908162	0.001749993000028	1.31789515947463	0.164497167328617	0.001749993000028	1.43843947837972	0.206810221122492	0.001749993000028	1.39842428080212	0.288102250624931	0.001749993000028	1.22968402820784	0.217601512113169	0.001749993000028	2.37784518988914	0.267342140696914	0.001749993000028	1.64596061571748	0.319232698053375	0.001749993000028	1.05070959761823	0.477795490435573	0.001749993000028	1.7784878447893	0.305021069470452	0.001749993000028	1.45181192543503	0.431858172532231
0.0018499926000296	1.73138055113509	0.341481689759962	0.0018499926000296	1.44650735432616	0.217826274403328	0.0018499926000296	1.72715267806206	0.295246122243771	0.0018499926000296	1.88416262961627	0.23588849295876	0.0018499926000296	1.29212817313657	0.260176921921025	0.0018499926000296	1.78033497585008	0.238256427855337	0.0018499926000296	1.25416377135701	0.437848751045047	0.0018499926000296	1.82136878823747	0.277354670378232	0.0018499926000296	1.63499188999021	0.355008348289245	0.0018499926000296	1.67755181941404	0.294944677354789
0.0019499922000312	1.65188443375125	0.233084162978375	0.0019499922000312	1.47531010118174	0.255564080231256	0.0019499922000312	1.19970006775891	0.330095381894232	0.0019499922000312	1.60737117238176	0.25206039807606	0.0019499922000312	1.4592106857064	0.192654397067748	0.0019499922000312	1.76966946154167	0.205175690926016	0.0019499922000312	1.50396121821472	0.340521283078202	0.0019499922000312	1.67442983603882	0.347698365138697	0.0019499922000312	1.30498416766368	0.27782867633118	0.0019499922000312	1.49148584480366	0.35668762132281
0.0020499918000328	1.42317675795336	0.209754958250056	0.0020499918000328	1.31809214467366	0.108806754540967	0.0020499918000328	1.30081400276054	0.140926108105506	0.0020499918000328	1.99981040012977	0.266725972349772	0.0020499918000328	1.55167850588812	0.303768300048737	0.0020499918000328	1.50355465680439	0.263689696818007	0.0020499918000328	1.74407804637811	0.293732966304301	0.0020499918000328	2.53392424135454	0.319906571888276	0.0020499918000328	2.00616136648082	0.354067603828066	0.0020499918000328	0.856715719748025	0.181297156540057
0.0021499914000344	1.53023955574796	0.201657610842612	0.0021499914000344	1.40076648170269	0.305599778117375	0.0021499914000344	0.867677082803287	0.297956571851616	0.0021499914000344	1.40076459587448	0.332769001220507	0.0021499914000344	1.37416605338362	0.277171454659088	0.0021499914000344	1.35213175631607	0.193288540271472	0.0021499914000344	1.25313172690571	0.376112813844979	0.0021499914000344	1.29645333060543	0.317583010142857	0.0021499914000344	2.5457588281855	0.250357299852935	0.0021499914000344	1.80569643708888	0.341713975844158
0.002249991000036	1.10723982252469	0.25522933727847	0.002249991000036	1.22094157697254	0.265692921564409	0.002249991000036	1.49086715473182	0.177009184903123	0.002249991000036	1.87015098697823	0.181752237053894	0.002249991000036	1.18063939903713	0.222213226389917	0.002249991000036	1.74150879345711	0.220243179752752	0.002249991000036	1.9744208194221	0.288730341988046	0.002249991000036	1.71012391413944	0.251984828334066	0.002249991000036	1.72218893608757	0.280870968639072	0.002249991000036	1.46755539322477	0.24637979801465
0.0023499906000376	1.41349352727162	0.215859659625532	0.0023499906000376	1.6577038708643	0.175978611857114	0.0023499906000376	1.61412132108032	0.206755618774452	0.0023499906000376	1.57204114460855	0.198017769207531	0.0023499906000376	1.40825861562454	0.232108920800614	0.0023499906000376	1.13220675715281	0.287634584964453	0.0023499906000376	1.61891738942199	0.260712982807836	0.0023499906000376	1.14858213082017	0.170301877341858	0.0023499906000376	1.79597085854227	0.2490575786425	0.0023499906000376	1.8218192737721	0.378051142134645
0.0024499902000392	1.51330363922472	0.297101301455275	0.0024499902000392	1.36536154664387	0.184098663697153	0.0024499902000392	1.32518577910134	0.275483748685956	0.0024499902000392	1.47064522095394	0.154406060555158	0.0024499902000392	1.70025330517636	0.260890583954117	0.0024499902000392	0.94914601531651	0.296064326334614	0.0024499902000392	1.67003864513838	0.209620935810997	0.0024499902000392	1.46617533621989	0.253470360450003	0.0024499902000392	1.19561810603179	0.277739024672195	0.0024499902000392	1.50672982489009	0.1914353916197
0.0025499898000408	1.36151542757201	0.200167582577261	0.0025499898000408	1.4591327217627	0.207289177888171	0.0025499898000408	1.72768928650632	0.309764844109518	0.0025499898000408	2.07158488106454	0.242285405064233	0.0025499898000408	1.51679452877002	0.273726562136427	0.0025499898000408	1.72355643589968	0.401343785606181	0.0025499898000408	1.645136617164	0.241954060712459	0.0025499898000408	1.323530359065	0.311390164028197	0.0025499898000408	1.80380619539886	0.244822470460584	0.0025499898000408	1.32219134033668	0.240612525521305
0.0026499894000424	1.31661581160243	0.30459540472592	0.0026499894000424	1.38767606389318	0.280190970766075	0.0026499894000424	1.17204172778711	0.199004405323399	0.0026499894000424	1.32944408199289	0.249550820741012	0.0026499894000424	1.40896768247236	0.290597971812242	0.0026499894000424	1.91388271193755	0.296094179752322	0.0026499894000424	1.37563255612794	0.226762965397151	0.0026499894000424	1.98379093560621	0.329934137120155	0.0026499894000424	1.49761866965661	0.305492983278364	0.0026499894000424	1.56768820835778	0.444744573417026
0.002749989000044	2.09208689089291	0.183133029664656	0.002749989000044	1.34956485326133	0.350869893204325	0.002749989000044	1.71068009943059	0.211182747288434	0.002749989000044	1.50338875821119	0.17785213379359	0.002749989000044	1.46978194915156	0.201630031767834	0.002749989000044	1.25519372002468	0.27291197377763	0.002749989000044	1.42194117630421	0.277928033402841	0.002749989000044	1.5424055627247	0.398277614002884	0.002749989000044	1.71922933603808	0.264619346311554	0.002749989000044	1.57647678367069	0.26307731968025
0.0028999884000464	1.25256310013955	0.185121232326209	0.0028999884000464	1.32783866145083	0.284416584952874	0.0028999884000464	1.53296105178274	0.182486913334327	0.0028999884000464	1.13451429389269	0.181829218412403	0.0028999884000464	1.63839778909896	0.205023761682477	0.0028999884000464	1.47098195554851	0.187155072154578	0.0028999884000464	1.29324111802405	0.168733878386855	0.0028999884000464	1.44617192935417	0.157984509445746	0.0028999884000464	2.06507688830829	0.306749033976069	0.0028999884000464	1.70244804183922	0.198142524996326
0.0030999876000496	1.45766291946469	0.145397606364643	0.0030999876000496	1.40255711892702	0.115951331917143	0.0030999876000496	1.46746908236666	0.153001116396393	0.0030999876000496	1.79385572407702	0.226990164682106	0.0030999876000496	1.72716632327732	0.247189954841742	0.0030999876000496	1.51369989054031	0.16402094132622	0.0030999876000496	1.60109313980352	0.289953154275253	0.0030999876000496	1.77078670540263	0.174631902707917	0.0030999876000496	1.7549368466036	0.172630574600753	0.0030999876000496	1.83001840066685	0.192482777642627
0.0032999868000528	1.19757425205434	0.15591737358993	0.0032999868000528	1.29672561535082	0.158159893047622	0.0032999868000528	1.38992334158912	0.181492358222637	0.0032999868000528	1.4757666526843	0.160651876353489	0.0032999868000528	1.66315054681535	0.234595243597617	0.0032999868000528	1.50025608764237	0.126924663197074	0.0032999868000528	1.41094004963802	0.16859982144935	0.0032999868000528	1.91140021565976	0.207396640068708	0.0032999868000528	1.36123333512933	0.148089777488486	0.0032999868000528	1.87198678642212	0.158985698080046
0.003499986000056	1.19089044943481	0.220963365087497	0.003499986000056	1.44504620433369	0.12624742956949	0.003499986000056	1.18362392910545	0.183284768033104	0.003499986000056	1.14760199933321	0.185904420458106	0.003499986000056	1.29314835733442	0.300548110407752	0.003499986000056	1.36931345104286	0.197636251678556	0.003499986000056	1.70470894606204	0.108505186735468	0.003499986000056	1.64809421324778	0.266782800379165	0.003499986000056	1.49641148900885	0.2259063880777	0.003499986000056	1.53599885273514	0.167659204576294
0.0036999852000592	1.40535299778702	0.166171539647037	0.0036999852000592	1.33415829751298	0.104694370081136	0.0036999852000592	1.31597766550579	0.158058231041669	0.0036999852000592	1.40285564223282	0.282064411055803	0.0036999852000592	1.62660189964545	0.20437416218095	0.0036999852000592	1.66311248938621	0.210918264358316	0.0036999852000592	1.67066255098228	0.184825542666309	0.0036999852000592	1.5338196621097	0.222920239285376	0.0036999852000592	1.59521638542501	0.188718551491469	0.0036999852000592	1.47555227957603	0.241679644923548
0.0038999844000624	1.44677509085039	0.14415144043787	0.0038999844000624	1.47449266204239	0.119106164278977	0.0038999844000624	1.24109958045422	0.16838937806267	0.0038999844000624	1.25204891795003	0.165981669222134	0.0038999844000624	1.73261895698852	0.183423262703555	0.0038999844000624	1.48848127814303	0.142921345007449	0.0038999844000624	1.44009713386987	0.202314145149244	0.0038999844000624	1.66707863183239	0.118708033187117	0.0038999844000624	1.50624326413324	0.268000925661843	0.0038999844000624	1.78522890409552	0.292767842034261
0.0040999836000656	1.25950242591813	0.146660010169391	0.0040999836000656	1.84491935103555	0.204439395412287	0.0040999836000656	1.61489649553984	0.159920465360338	0.0040999836000656	1.38030262704639	0.124262185045497	0.0040999836000656	1.75772777840036	0.108179755923108	0.0040999836000656	1.91201360152873	0.157037773040571	0.0040999836000656	1.53841463593169	0.252991225771033	0.0040999836000656	1.28284868290172	0.215850351616278	0.0040999836000656	1.32077292993525	0.187277327238831	0.0040999836000656	1.41113745851752	0.160911809088677
0.0042999828000688	1.31787302190498	0.157855767380976	0.0042999828000688	1.41229628597611	0.194420929142465	0.0042999828000688	1.03962599857793	0.119295417417884	0.0042999828000688	1.33996348535599	0.232755360834505	0.0042999828000688	1.10028185878829	0.149521859057681	0.0042999828000688	1.43244818192261	0.11186021660791	0.0042999828000688	1.30313061892932	0.151479807434964	0.0042999828000688	1.36695374711139	0.205501377917358	0.0042999828000688	1.45741622852706	0.225380981778715	0.0042999828000688	1.26450473146901	0.268339760287275
0.004499982000072	1.14990862211823	0.12292254750879	0.004499982000072	1.30462376188794	0.12937201584356	0.004499982000072	1.28082374064161	0.150425993801173	0.004499982000072	1.78877910422646	0.24207780680933	0.004499982000072	1.3879111701375	0.258582566691838	0.004499982000072	1.08273918015631	0.167177516282132	0.004499982000072	1.57743722497222	0.306467505128999	0.004499982000072	1.32004817714298	0.241168132955662	0.004499982000072	1.72953921973379	0.12436911104933	0.004499982000072	1.61510740009808	0.237314054599619
0.0046999812000752	1.38173879752172	0.151280117183185	0.0046999812000752	1.34730333975423	0.124933558989029	0.0046999812000752	1.44528921711249	0.241072523808977	0.0046999812000752	1.39951992343748	0.233691814131372	0.0046999812000752	1.72921317957033	0.120130368050931	0.0046999812000752	1.57503120064803	0.145381565921957	0.0046999812000752	1.63812913119751	0.226278420240339	0.0046999812000752	1.31166786499311	0.253424862904343	0.0046999812000752	1.83584711702362	0.216744348360949	0.0046999812000752	1.53939462695367	0.226521403105554
0.0048999804000784	0.987069635739722	0.176890359221706	0.0048999804000784	1.15534721943692	0.150217734865813	0.0048999804000784	1.48002677990332	0.25788251708279	0.0048999804000784	1.45959304208042	0.142814203898707	0.0048999804000784	1.31562650074269	0.251880042048667	0.0048999804000784	1.18118639509196	0.13762728511535	0.0048999804000784	1.64677771859384	0.190173895248048	0.0048999804000784	1.45201095217066	0.162300197094038	0.0048999804000784	1.29211921291422	0.202369049857773	0.0048999804000784	1.38942019926188	0.16229187638608
0.0050999796000816	1.51637302800366	0.18538453518361	0.0050999796000816	1.06706677278217	0.135292634155919	0.0050999796000816	1.4841109726535	0.189487623503923	0.0050999796000816	1.13208154078879	0.132596535341291	0.0050999796000816	1.38470714729664	0.135845807879106	0.0050999796000816	1.35976459612364	0.17272314847824	0.0050999796000816	1.15217361016686	0.194729021770083	0.0050999796000816	1.51414658122893	0.1379113025451	0.0050999796000816	1.76378181332117	0.232189808470208	0.0050999796000816	1.57435382555122	0.174410328817065
0.0052999788000848	1.4659404556467	0.171648448385543	0.0052999788000848	1.15569208210641	0.141115029266061	0.0052999788000848	1.20823247832068	0.15485976585178	0.0052999788000848	1.31114051014855	0.102024385101891	0.0052999788000848	1.1247821092273	0.179780302699341	0.0052999788000848	1.52778854787821	0.254753431929104	0.0052999788000848	1.07272633075877	0.124422700352118	0.0052999788000848	1.42212219529318	0.223448915053149	0.0052999788000848	1.24800194556275	0.209058450502326	0.0052999788000848	1.71210594334485	0.226525181109066
0.005499978000088	1.20515043186743	0.116808648630843	0.005499978000088	1.2082340942203	0.129044657635462	0.005499978000088	1.17254106644939	0.106607689994166	0.005499978000088	1.47562875120473	0.323944557234045	0.005499978000088	1.57181443520022	0.231930273469579	0.005499978000088	1.24608750101748	0.189400447954195	0.005499978000088	1.20814727228952	0.184322689930637	0.005499978000088	1.2519124044174	0.162011301762666	0.005499978000088	1.2762364589101	0.208402357933142	0.005499978000088	1.36194482093976	0.12909225789085
0.0056999772000912	1.34224029336692	0.178722848976853	0.0056999772000912	1.34366633359389	0.204271227862798	0.0056999772000912	1.09003934317104	0.156668938319272	0.0056999772000912	1.49296520614081	0.177315889971311	0.0056999772000912	1.50054511074672	0.129455600977207	0.0056999772000912	1.53731723595574	0.172417809262171	0.0056999772000912	1.44344758015118	0.16669687231964	0.0056999772000912	1.4011146158736	0.178083696516192	0.0056999772000912	1.63690646229056	0.240117076026411	0.0056999772000912	1.48242502975258	0.264953658814077
0.0058999764000944	1.42437035690938	0.17120843100711	0.0058999764000944	0.988186536875956	0.144821511098162	0.0058999764000944	1.43053425265292	0.149885117435814	0.0058999764000944	1.40570285862966	0.155098279465846	0.0058999764000944	1.22506061562569	0.210381727621638	0.0058999764000944	1.33883790882005	0.214267154146186	0.0058999764000944	1.61816251840483	0.253827105745194	0.0058999764000944	1.96235150552233	0.219542842858339	0.0058999764000944	1.54849889239759	0.184572605790157	0.0058999764000944	1.43903970158727	0.221576183865911
0.0061999752000992	1.24169605305904	0.128597393623818	0.0061999752000992	1.09910398765369	0.0833241045443451	0.0061999752000992	1.31753625570849	0.0912948674508574	0.0061999752000992	1.26282594081639	0.104979762150375	0.0061999752000992	1.31395522082175	0.0926438266019551	0.0061999752000992	1.38815648194738	0.140745816393314	0.0061999752000992	1.44899445785423	0.153683767902972	0.0061999752000992	1.33441124320324	0.123569601344871	0.0061999752000992	1.7032385561202	0.182039288044688	0.0061999752000992	1.48490777536938	0.118577138696312
0.0065999736001056	1.01343888615062	0.121247067261975	0.0065999736001056	1.42392343782983	0.100342579343458	0.0065999736001056	1.19130177690688	0.0887066889099573	0.0065999736001056	1.21336868018988	0.0897884256708031	0.0065999736001056	1.2764834392559	0.170374016723043	0.0065999736001056	1.34328085952074	0.0933986771571944	0.0065999736001056	1.13070611859342	0.125562495390099	0.0065999736001056	1.34749786757337	0.0939184540391587	0.0065999736001056	1.34138555879371	0.12434093656777	0.0065999736001056	1.37593770805565	0.0844087471180195
0.006999972000112	1.04925677993825	0.146403370770396	0.006999972000112	1.39084700517628	0.0723978027887455	0.006999972000112	1.22648564788751	0.0884007084804424	0.006999972000112	1.18169755270038	0.097536423189756	0.006999972000112	1.22267621388077	0.132142987694355	0.006999972000112	1.18088030086386	0.140841377510536	0.006999972000112	1.3532636634752	0.201194991229582	0.006999972000112	1.04552805660502	0.144857604067083	0.006999972000112	1.3476084234896	0.140593500970624	0.006999972000112	1.43265649553432	0.130092307185698
0.0073999704001184	1.23706637480321	0.146180021882278	0.0073999704001184	1.08308797602905	0.0751405599171901	0.0073999704001184	1.38252240534266	0.131499635289628	0.0073999704001184	1.38797578914265	0.093694188848714	0.0073999704001184	1.28905545423097	0.108256394739328	0.0073999704001184	1.33563223374391	0.137551168963357	0.0073999704001184	1.1369056965022	0.130319943240697	0.0073999704001184	1.2075798215912	0.143067057059458	0.0073999704001184	1.48428754779555	0.139734835242574	0.0073999704001184	1.02788034176213	0.181428090121829
0.0077999688001248	1.36539757306386	0.126774759711655	0.0077999688001248	1.17196812977815	0.146439371306208	0.0077999688001248	1.14645092897428	0.0714520947644182	0.0077999688001248	1.36301970745224	0.142029869167243	0.0077999688001248	1.3664784693406	0.061505560754197	0.0077999688001248	1.26400111436684	0.110131438039849	0.0077999688001248	1.3692001020808	0.167344741243781	0.0077999688001248	1.40143771387266	0.182227738851205	0.0077999688001248	1.4352445366349	0.168851904585239	0.0077999688001248	1.46383451014353	0.178911593510875
0.0081999672001312	1.12173627092984	0.12828609874744	0.0081999672001312	1.23151113074693	0.0683357670033095	0.0081999672001312	1.21010472819547	0.116860023424419	0.0081999672001312	1.33880056875642	0.113914898533119	0.0081999672001312	1.37568955867786	0.131300693221728	0.0081999672001312	1.60098386411594	0.124156660663595	0.0081999672001312	1.35251590719358	0.113722221273294	0.0081999672001312	0.957369373825484	0.1023828341681	0.0081999672001312	1.48058249958856	0.147499628725163	0.0081999672001312	1.37571230195606	0.13206332487587
0.0085999656001376	1.13685139512502	0.111351653288249	0.0085999656001376	1.09427709099144	0.0589317675676417	0.0085999656001376	1.07325348276494	0.157279910096693	0.0085999656001376	1.15072490443912	0.135051165410091	0.0085999656001376	1.02259121965113	0.101494822458507	0.0085999656001376	1.3329533056096	0.17666500236793	0.0085999656001376	1.10747674001688	0.112693839535287	0.0085999656001376	1.11097644102238	0.089802892706196	0.0085999656001376	1.2700997486516	0.0892564461865547	0.0085999656001376	1.21277713067192	0.162020446306921
0.008999964000144	1.08896598096543	0.0915175507187104	0.008999964000144	1.12753079533255	0.18628947530436	0.008999964000144	1.05329659281199	0.0842486988794872	0.008999964000144	1.13304926863979	0.108654789301388	0.008999964000144	1.30226952982866	0.126152394098587	0.008999964000144	1.20484695924435	0.137214596020134	0.008999964000144	1.25737059196248	0.183052965251471	0.008999964000144	1.27586471737786	0.149982276457544	0.008999964000144	1.08647229457621	0.159521936569501	0.008999964000144	1.37986073310744	0.109812698320581
0.0093999624001504	1.12237483133821	0.130930094591545	0.0093999624001504	1.18443168750732	0.0955008539304502	0.0093999624001504	1.15900308363544	0.0894642838187766	0.0093999624001504	1.07622617653253	0.203454478735762	0.0093999624001504	1.04945209815984	0.0985846700158665	0.0093999624001504	1.17010030942371	0.151001643882277	0.0093999624001504	1.14515879549504	0.0925589153312004	0.0093999624001504	1.40898719894112	0.137412874751448	0.0093999624001504	1.46528741853069	0.148397126381786	0.0093999624001504	1.2069588650059	0.152829775164872
0.0097999608001568	1.05129244628037	0.113534372961428	0.0097999608001568	1.09463833179394	0.117912332826064	0.0097999608001568	1.26019576780591	0.113635795583675	0.0097999608001568	1.23703151015367	0.067327813540795	0.0097999608001568	1.11102944514559	0.135571882722569	0.0097999608001568	1.24504293447969	0.0935356714292276	0.0097999608001568	1.21697430272926	0.107912061544231	0.0097999608001568	1.33451590301621	0.161941612940395	0.0097999608001568	1.26719314807734	0.170834044167042	0.0097999608001568	1.5426497482082	0.162990521809085
0.0101999592001632	1.14445885823511	0.088891839903897	0.0101999592001632	1.17376577989012	0.134236746241208	0.0101999592001632	1.08646122293776	0.109676497063316	0.0101999592001632	1.04798723306726	0.142547405019506	0.0101999592001632	1.22567006821388	0.106031091048056	0.0101999592001632	1.28531658865854	0.181672577935968	0.0101999592001632	1.3984898077538	0.0921197596774819	0.0101999592001632	1.13628386156995	0.153198897888328	0.0101999592001632	1.25696853114076	0.127433391463039	0.0101999592001632	1.2304173540608	0.0952055582552948
0.0105999576001696	1.13213072546448	0.114923884482765	0.0105999576001696	1.36329123713113	0.102663959993727	0.0105999576001696	1.1323996546757	0.137381761584548	0.0105999576001696	1.06852418655348	0.135243585001604	0.0105999576001696	1.40493691883791	0.105096460574677	0.0105999576001696	1.0661871169356	0.132921672184233	0.0105999576001696	1.29785569057594	0.0985073265498534	0.0105999576001696	1.26520943190731	0.170366733957146	0.0105999576001696	1.62780118109363	0.11420058173817	0.0105999576001696	1.31053512724729	0.0971364433992172
0.010999956000176	1.0139696116433	0.0948672238014342	0.010999956000176	0.886547208071695	0.076557445807197	0.010999956000176	1.22885763549781	0.132690851263031	0.010999956000176	1.32210197284462	0.166676462984502	0.010999956000176	1.26808108652035	0.153511032099871	0.010999956000176	1.30681352652372	0.164149496107025	0.010999956000176	1.33756962898506	0.161224200508317	0.010999956000176	1.43424356286234	0.140616823941462	0.010999956000176	1.3221587454121	0.115063913496717	0.010999956000176	1.14886056456756	0.0970155514518517
0.0113999544001824	0.926347618216495	0.143613257933112	0.0113999544001824	1.02422083788974	0.104360421080203	0.0113999544001824	0.999785741298967	0.126859935537942	0.0113999544001824	1.19568587446412	0.123399959939466	0.0113999544001824	1.11302933200412	0.0984750940803302	0.0113999544001824	1.26207626900562	0.0935613107160141	0.0113999544001824	1.10512611587361	0.122386674695694	0.0113999544001824	1.04139515221255	0.136519164912464	0.0113999544001824	1.33672103542538	0.194903365684355	0.0113999544001824	1.41087332198613	0.169005676092216
0.0117999528001888	0.981711212663771	0.120948703800178	0.0117999528001888	1.03311080404973	0.0739414544554228	0.0117999528001888	1.05034639490233	0.111498466507625	0.0117999528001888	1.13830713512388	0.0852988458130197	0.0117999528001888	1.28198486321998	0.0994797077023519	0.0117999528001888	1.10058650147705	0.150522567324798	0.0117999528001888	1.27275526159123	0.157877695200314	0.0117999528001888	1.28050178935537	0.076720517316751	0.0117999528001888	1.03718635525203	0.123056404733289	0.0117999528001888	1.29869403464922	0.117002690201439
0.0121999512001952	0.957151692314765	0.0845752611357265	0.0121999512001952	0.899943789763379	0.0570511289068849	0.0121999512001952	1.0177288217304	0.0877142849483668	0.0121999512001952	1.13069105427302	0.0898565324345999	0.0121999512001952	1.35530327170057	0.116293036569366	0.0121999512001952	1.18169534163263	0.152407128556535	0.0121999512001952	1.35969901785938	0.100008784098869	0.0121999512001952	1.15488503226414	0.114961184470534	0.0121999512001952	1.4599135825614	0.188550287250897	0.0121999512001952	1.10208243571892	0.148291526518897
0.0127999488002048	0.958601910766411	0.0661626153729119	0.0127999488002048	0.999061884708989	0.0819393088220637	0.0127999488002048	1.04652860822579	0.0886498948062289	0.0127999488002048	0.959424612066459	0.133301603731148	0.0127999488002048	1.0321312753311	0.0539454575411771	0.0127999488002048	1.1042383097056	0.0550264627509454	0.0127999488002048	1.18489113806801	0.105733598040715	0.0127999488002048	1.31119977135257	0.10661003789307	0.0127999488002048	1.15568656806064	0.0792076048759425	0.0127999488002048	1.28915930984478	0.0596368986245124
0.0135999456002176	0.935479204362722	0.0886446073956152	0.0135999456002176	1.00101116030017	0.0761924746451781	0.0135999456002176	1.08662813752673	0.071084993114492	0.0135999456002176	1.08492624977083	0.0603545519737013	0.0135999456002176	1.34817469531482	0.061204519892072	0.0135999456002176	1.22724415152529	0.0693154006497346	0.0135999456002176	1.15186022447541	0.0764877420525241	0.0135999456002176	1.14308834361954	0.0751616629834945	0.0135999456002176	1.15068952759797	0.138275089278996	0.0135999456002176	1.08413750814415	0.073515286235255
0.0143999424002304	0.952432996104036	0.0546453881842354	0.0143999424002304	0.965467834422172	0.0764029625581009	0.0143999424002304	0.783372839253054	0.0702031055477567	0.0143999424002304	1.02161718701052	0.0508112763685473	0.0143999424002304	1.14699138682771	0.0695618341731812	0.0143999424002304	1.15978170912919	0.112118873498855	0.0143999424002304	1.05464069309817	0.0842036002497013	0.0143999424002304	1.04069221204208	0.0885325859597204	0.0143999424002304	1.16516591974462	0.104331414790528	0.0143999424002304	1.31746475675231	0.139343081533434
0.0151999392002432	1.03357434368358	0.0750213485490079	0.0151999392002432	0.861032900252534	0.0719082884575317	0.0151999392002432	0.89032508069233	0.072510345701025	0.0151999392002432	1.00114100432412	0.109652788516265	0.0151999392002432	1.12578984690052	0.114249096969029	0.0151999392002432	0.802921695203652	0.0516302143253448	0.0151999392002432	1.22364506883032	0.0791584446606142	0.0151999392002432	1.18263322779509	0.102439569341196	0.0151999392002432	1.27163043633717	0.113367970520247	0.0151999392002432	1.15355830902252	0.0708080117102106
0.015999936000256	0.938072296673303	0.0533419948709479	0.015999936000256	1.0647385878044	0.0882480990225501	0.015999936000256	1.01226056345256	0.090414269020629	0.015999936000256	1.05218967854739	0.0926133149779316	0.015999936000256	1.02502049967836	0.054160924614243	0.015999936000256	1.2169723892173	0.0719418584125903	0.015999936000256	1.04852823748456	0.0836376172481944	0.015999936000256	1.34712705895399	0.124175422351863	0.015999936000256	1.15099533120988	0.146508053495119	0.015999936000256	1.11463072364922	0.106080327288108
0.0167999328002688	0.914274339668484	0.0928454619953435	0.0167999328002688	0.983755653803553	0.0836632140331807	0.0167999328002688	0.852727512808529	0.0817610185105529	0.0167999328002688	0.983050721276663	0.0937628844651572	0.0167999328002688	1.14049990905685	0.0587192098118795	0.0167999328002688	0.942002902967876	0.0902601817936377	0.0167999328002688	1.08843978730171	0.107562517657813	0.0167999328002688	1.15544791399728	0.090892911844796	0.0167999328002688	1.15115544225823	0.112431204781765	0.0167999328002688	1.02080429640536	0.101769621426072
0.0175999296002816	0.920131498914448	0.0822644727962311	0.0175999296002816	0.92329125449508	0.0965551296464198	0.0175999296002816	1.06248085426612	0.0493405459786578	0.0175999296002816	0.943165362390565	0.0611051019249846	0.0175999296002816	1.06467422224342	0.0875755595451198	0.0175999296002816	1.18888442776726	0.0916393338966607	0.0175999296002816	0.957098383986804	0.0938286670746769	0.0175999296002816	0.988328078217807	0.101120988087027	0.0175999296002816	1.08064349788419	0.108252364399621	0.0175999296002816	0.910125731974643	0.0890707463137806
0.0183999264002944	1.00110314842485	0.0871214224694727	0.0183999264002944	0.817328436057558	0.0757091140508345	0.0183999264002944	1.00394944335606	0.0771995859789353	0.0183999264002944	0.936700538400204	0.0855893280316598	0.0183999264002944	0.939442204833523	0.0797062173950177	0.0183999264002944	1.05060931887648	0.0892615443355417	0.0183999264002944	0.927036776089091	0.0952957375222289	0.0183999264002944	0.940708533399934	0.045594462321711	0.0183999264002944	0.812020093859169	0.0968950946774865	0.0183999264002944	0.881111820991397	0.128516146621814
0.0191999232003072	0.765930621112259	0.0648621104786077	0.0191999232003072	0.933972517126231	0.0798029120406539	0.0191999232003072	0.821518483653668	0.0827467503363794	0.0191999232003072	0.90102825730944	0.0800613696652308	0.0191999232003072	1.01291277432523	0.0994459305508569	0.0191999232003072	1.15820161158338	0.074806230858469	0.0191999232003072	0.871156894979023	0.0672307181003799	0.0191999232003072	1.16186983852003	0.110491778597176	0.0191999232003072	1.04476798737716	0.141208260830299	0.0191999232003072	1.11966077904085	0.102246443733787
0.01999992000032	0.872568858750346	0.0861916413427162	0.01999992000032	1.00472110001522	0.0756857763505492	0.01999992000032	0.96887889298433	0.0734170830508938	0.01999992000032	0.959296069765358	0.0792315995135589	0.01999992000032	1.01669681022474	0.0765010455466191	0.01999992000032	0.976615467438843	0.111785753060861	0.01999992000032	1.10772151877589	0.0648781439292921	0.01999992000032	1.09182218264075	0.0651506656058991	0.01999992000032	0.999279837636871	0.0739117340845976	0.01999992000032	1.03393477948309	0.0993910886875675
0.0207999168003328	0.763730518247682	0.0679015125134566	0.0207999168003328	0.935781494549767	0.0935630785497328	0.0207999168003328	0.849583867374385	0.101027650315132	0.0207999168003328	0.996031838061122	0.0704800593752788	0.0207999168003328	0.983950601248208	0.0537816952678033	0.0207999168003328	0.907801770772515	0.0490408405823789	0.0207999168003328	0.905564693336184	0.128231499342915	0.0207999168003328	0.856511474717756	0.0722571500376322	0.0207999168003328	0.86354857523787	0.114506909361293	0.0207999168003328	1.16945480275466	0.0957673605202095
0.0215999136003456	1.03675254190757	0.0641131354508437	0.0215999136003456	1.01733362481561	0.0779538325968268	0.0215999136003456	0.905951692215049	0.0412183573067019	0.0215999136003456	0.856351310974982	0.128206353475369	0.0215999136003456	0.966065617396258	0.118572029217322	0.0215999136003456	1.01837065661886	0.0796358076240153	0.0215999136003456	0.890061708405706	0.0897446184539506	0.0215999136003456	0.986471028229109	0.0634184435834679	0.0215999136003456	1.0035673383898	0.0932966836467628	0.0215999136003456	0.817693571568089	0.0802501442650429
0.0223999104003584	0.834522343780662	0.0863357533796057	0.0223999104003584	0.815863867364038	0.092742800462669	0.0223999104003584	0.974563870084548	0.0509048663789307	0.0223999104003584	0.968752739433205	0.0707291025201674	0.0223999104003584	0.881016618583412	0.0737372303021055	0.0223999104003584	0.893471533371552	0.0655485745423995	0.0223999104003584	0.843877006626417	0.0785924043228376	0.0223999104003584	0.901215237142375	0.081066042668905	0.0223999104003584	0.829079759303657	0.0783712527996918	0.0223999104003584	0.901455291192556	0.133672959923902
0.0231999072003712	0.710869070367905	0.0562395954162194	0.0231999072003712	0.931827556502314	0.0302930494869267	0.0231999072003712	0.909348785289483	0.0974638775843479	0.0231999072003712	1.09738328142901	0.0856404958807178	0.0231999072003712	0.786178334237139	0.0690129482963634	0.0231999072003712	0.975980415162118	0.0805984687278661	0.0231999072003712	0.644290399420621	0.0826152177358113	0.0231999072003712	1.03288933941749	0.0609940079032628	0.0231999072003712	0.870243420898801	0.0643569613664569	0.0231999072003712	1.05144234074483	0.13682064886141
0.023999904000384	0.814572410322607	0.0771849909592137	0.023999904000384	0.912108176282983	0.0716217536334107	0.023999904000384	0.763724645483716	0.078188289309338	0.023999904000384	0.877782639095845	0.0945252854674433	0.023999904000384	0.860978893845498	0.0833960974601998	0.023999904000384	0.880611036874544	0.04677644404525	0.023999904000384	0.888539821345633	0.0998128555265173	0.023999904000384	0.756416624611111	0.0553911359325762	0.023999904000384	0.882836322015052	0.0586538913756353	0.023999904000384	0.93278281588755	0.0528021435791923
0.0247999008003968	0.796955134472042	0.0821085661360216	0.0247999008003968	0.894649807026105	0.083028068018035	0.0247999008003968	0.845892396528358	0.0982507420617527	0.0247999008003968	0.957513337630949	0.0869001684115713	0.0247999008003968	0.838280212862162	0.084681670103822	0.0247999008003968	0.897494385531172	0.0903095214147424	0.0247999008003968	0.894331339015803	0.0798875670311233	0.0247999008003968	0.763617904353872	0.0528356724561268	0.0247999008003968	0.958602067250749	0.108709366015671	0.0247999008003968	0.92299074659152	0.0625168423972694
0.025999896000416	0.709874603779315	0.0586047831317515	0.025999896000416	0.857509152557349	0.0530272878009141	0.025999896000416	0.727627277225163	0.0600811764918112	0.025999896000416	0.815384675631724	0.0650421690097748	0.025999896000416	0.814540227787693	0.0670312560737578	0.025999896000416	0.784804511746951	0.0499271972044357	0.025999896000416	0.708389889143985	0.0265671292323012	0.025999896000416	0.899378774814478	0.0580054062174125	0.025999896000416	0.8685013196884	0.0887566986199594	0.025999896000416	0.870508740446025	0.0515638424633076
0.0275998896004416	0.711746261384984	0.0333268350662757	0.0275998896004416	0.674157226850252	0.0502152010967614	0.0275998896004416	0.716555382958305	0.0532318771773766	0.0275998896004416	0.769265333816125	0.0590528201724353	0.0275998896004416	0.812177036652866	0.0601720908123932	0.0275998896004416	0.792450183577295	0.0663658019260684	0.0275998896004416	0.885514632608281	0.111677099005702	0.0275998896004416	0.924005935940648	0.0701245542830263	0.0275998896004416	1.00675562750367	0.0868509534185327	0.0275998896004416	0.919059365697422	0.0836358388359244
0.0291998832004672	0.766185997964804	0.0714086372332373	0.0291998832004672	0.72268033619466	0.0668032781312955	0.0291998832004672	0.752243254274639	0.0605737596504556	0.0291998832004672	0.78840329436263	0.0468259063183631	0.0291998832004672	0.744515863686607	0.0634578172463204	0.0291998832004672	0.702701854640255	0.0696288720204498	0.0291998832004672	0.771331977597387	0.0458296254004394	0.0291998832004672	0.851562886443051	0.0806009068750895	0.0291998832004672	0.897815530029299	0.0971512677927091	0.0291998832004672	0.936036575042382	0.0464765125712487
0.0307998768004928	0.629590670567828	0.0630812317032076	0.0307998768004928	0.770604539049028	0.04192164630154	0.0307998768004928	0.772277240188786	0.0614296859909011	0.0307998768004928	0.793368260105398	0.0379581789212001	0.0307998768004928	0.80235877637725	0.0429106465858733	0.0307998768004928	0.683335384046149	0.0562065478640338	0.0307998768004928	0.75265216827978	0.0622380601037418	0.0307998768004928	0.84607797828262	0.0530311448332295	0.0307998768004928	0.84732556006551	0.0898299643113785	0.0307998768004928	0.779953683667641	0.067767879395219
0.0323998704005184	0.756368021335012	0.0595259084645053	0.0323998704005184	0.607234475442008	0.0654046156756878	0.0323998704005184	0.722116255018639	0.0452303695767815	0.0323998704005184	0.645510487440869	0.0663847120086541	0.0323998704005184	0.755480515244463	0.0625554057532324	0.0323998704005184	0.7021546871719	0.0493838134195337	0.0323998704005184	0.731988472645948	0.0759674951326572	0.0323998704005184	0.763941661528716	0.0491772853107641	0.0323998704005184	0.847824987764057	0.0664452876329183	0.0323998704005184	0.739274833994959	0.0548782203198219
0.033999864000544	0.758286402235158	0.0555104875979595	0.033999864000544	0.715766280550218	0.0243168269197192	0.033999864000544	0.764686825166612	0.0507817240441087	0.033999864000544	0.755345751147935	0.0520411732158746	0.033999864000544	0.737524135764205	0.0523495490289451	0.033999864000544	0.706405425834552	0.0501762828495086	0.033999864000544	0.727983142032532	0.0681442628553518	0.033999864000544	0.729441609172226	0.0526679158419881	0.033999864000544	0.80194604176381	0.0638717786760318	0.033999864000544	0.77260938127243	0.0559350983349032
0.0355998576005696	0.694253590263784	0.0351553042883592	0.0355998576005696	0.662268301620287	0.0533950700789622	0.0355998576005696	0.552128183300237	0.0461384387661436	0.0355998576005696	0.733828290209016	0.044990977881878	0.0355998576005696	0.5660698141851	0.0514779584782883	0.0355998576005696	0.659597804734176	0.069677019844459	0.0355998576005696	0.701137864489071	0.0483980421346487	0.0355998576005696	0.731593403817215	0.0417985261538248	0.0355998576005696	0.745545301447133	0.0639682879105444	0.0355998576005696	0.746370553678009	0.0603331028247999
0.0371998512005952	0.613390598887939	0.0481987866121847	0.0371998512005952	0.595826811209521	0.0437736214826427	0.0371998512005952	0.549616005226863	0.046610555246217	0.0371998512005952	0.662073022963256	0.0540121873585579	0.0371998512005952	0.688293144721434	0.0502384846184462	0.0371998512005952	0.724557249733001	0.0792021896289389	0.0371998512005952	0.59229133270297	0.0504746715757191	0.0371998512005952	0.763505255517179	0.0896666294899235	0.0371998512005952	0.787938057225618	0.0746099929826181	0.0371998512005952	0.673752515428139	0.0462386463691985
0.0387998448006208	0.633404746651118	0.0247191346112333	0.0387998448006208	0.613059846935316	0.041912555560001	0.0387998448006208	0.658618164545264	0.0650987924527829	0.0387998448006208	0.776835454594763	0.0608572626833174	0.0387998448006208	0.580000552826901	0.0580675229376024	0.0387998448006208	0.69355845073429	0.0728246986833929	0.0387998448006208	0.790180561124787	0.080163137014494	0.0387998448006208	0.766262460236805	0.0447776842623813	0.0387998448006208	0.724049475603893	0.0777066475287674	0.0387998448006208	0.669341092998579	0.0530579058648724
0.0403998384006464	0.525418555059581	0.0658230952474095	0.0403998384006464	0.605558628222109	0.0667357987976816	0.0403998384006464	0.59317508249917	0.037052401250515	0.0403998384006464	0.725746748624078	0.0640732888492431	0.0403998384006464	0.667362257928128	0.0785721387490362	0.0403998384006464	0.599080243621713	0.0793562683203306	0.0403998384006464	0.654139534711432	0.0473826754070874	0.0403998384006464	0.592818964986514	0.0442546210078113	0.0403998384006464	0.686740817561119	0.0650973004354352	0.0403998384006464	0.821340165970701	0.0723082477338093
0.041999832000672	0.639782289708875	0.0599042975708355	0.041999832000672	0.56158536954819	0.0592997725069759	0.041999832000672	0.550605884987951	0.0600270798372718	0.041999832000672	0.521909780397306	0.0599842128321814	0.041999832000672	0.589651829834038	0.0583924253009731	0.041999832000672	0.670805005846689	0.0604257974918779	0.041999832000672	0.622471262522498	0.0576647285285312	0.041999832000672	0.705164009871412	0.0694919921883789	0.041999832000672	0.70261277130426	0.0509127078330925	0.041999832000672	0.599921351449899	0.0679769384930284
0.0435998256006976	0.472617260881683	0.0365912909808517	0.0435998256006976	0.656726318932583	0.0313022747671363	0.0435998256006976	0.575839680797712	0.0698485997936902	0.0435998256006976	0.558790154145076	0.0491909368425977	0.0435998256006976	0.526805647308066	0.0615401845336946	0.0435998256006976	0.638197525530362	0.0425386783380876	0.0435998256006976	0.660732349626136	0.0902771075348235	0.0435998256006976	0.704240161878795	0.0422504653130979	0.0435998256006976	0.694725714755835	0.0676785748288676	0.0435998256006976	0.694784700380539	0.0363129724298183
0.0451998192007232	0.549493867139008	0.0492856563043602	0.0451998192007232	0.485906983706116	0.0325070220113079	0.0451998192007232	0.550830168218669	0.0927813919653632	0.0451998192007232	0.598383959030156	0.064257972279049	0.0451998192007232	0.53815443567254	0.0519039106206546	0.0451998192007232	0.630533567253268	0.0543175850928724	0.0451998192007232	0.649927205259893	0.0578628187139185	0.0451998192007232	0.642900541883388	0.079654201376081	0.0451998192007232	0.714188845433826	0.104011988874918	0.0451998192007232	0.694895344596404	0.0910847966448688
0.0467998128007488	0.561182153477333	0.0593620884268488	0.0467998128007488	0.574946177714251	0.0577703784623223	0.0467998128007488	0.513184443071643	0.0468995055215977	0.0467998128007488	0.55530564409945	0.0561947703812831	0.0467998128007488	0.548701772227431	0.0553160272108138	0.0467998128007488	0.683326005616849	0.0563024035404126	0.0467998128007488	0.569196526406504	0.053728882805312	0.0467998128007488	0.693374329229542	0.0425291245053949	0.0467998128007488	0.636410238087289	0.0541019846543401	0.0467998128007488	0.577165350513468	0.049592440220194
0.0483998064007744	0.569555593320365	0.049961716708281	0.0483998064007744	0.579511886705315	0.0689202084094801	0.0483998064007744	0.421973175219669	0.0437510267846873	0.0483998064007744	0.62092575450763	0.0728743711941603	0.0483998064007744	0.578522072930141	0.0609978170662879	0.0483998064007744	0.564973779656546	0.0707776413506297	0.0483998064007744	0.602380573848565	0.0609750033233871	0.0483998064007744	0.740778641616561	0.0469385147754634	0.0483998064007744	0.658138653803469	0.0793196591159788	0.0483998064007744	0.699879048097252	0.0696085697674135
0.0499998000008	0.471982284087033	0.0340552424929721	0.0499998000008	0.441962254982396	0.0280904556060746	0.0499998000008	0.578500218732434	0.0489427858527979	0.0499998000008	0.546704273287665	0.0522664712553113	0.0499998000008	0.526591466048623	0.052304124779879	0.0499998000008	0.476184888473974	0.0781351553571108	0.0499998000008	0.610084041473733	0.0468700785926319	0.0499998000008	0.517096394699156	0.0491408472816669	0.0499998000008	0.683283327819278	0.0737111701527899	0.0499998000008	0.566325940100183	0.0512924668806556
0.0523997904008384	0.500652937551178	0.0458952189873755	0.0523997904008384	0.438009814679453	0.0279947996666266	0.0523997904008384	0.583345136498536	0.0377651041309163	0.0523997904008384	0.536068041395198	0.0425635097473725	0.0523997904008384	0.52748824192694	0.0441925957924167	0.0523997904008384	0.532665228161825	0.0519442421318548	0.0523997904008384	0.592071114021073	0.036636952587656	0.0523997904008384	0.610102897932545	0.0422413270230788	0.0523997904008384	0.646712160726221	0.0487100013868621	0.0523997904008384	0.590885143269199	0.0383863793191557
0.0555997776008896	0.511730613129797	0.0529931595915654	0.0555997776008896	0.451384740287811	0.0219337805146465	0.0555997776008896	0.462043850649713	0.0431182767495288	0.0555997776008896	0.507259836612341	0.0452232780309179	0.0555997776008896	0.516022766873267	0.0591960441767692	0.0555997776008896	0.489722196200062	0.033262442745473	0.0555997776008896	0.466720808238748	0.037925207405071	0.0555997776008896	0.502720948329243	0.0429130192355705	0.0555997776008896	0.565650022349683	0.0511404363810834	0.0555997776008896	0.570127573084812	0.0473093397907083
0.0587997648009408	0.449692341321291	0.0288808388934562	0.0587997648009408	0.468903503458522	0.029169118134246	0.0587997648009408	0.463461053252081	0.031542278384777	0.0587997648009408	0.475213526303052	0.0419333270233837	0.0587997648009408	0.564144151635786	0.0460987512291286	0.0587997648009408	0.468985534140655	0.0487272577304739	0.0587997648009408	0.549086452210558	0.0444869088633056	0.0587997648009408	0.503058322484414	0.0508904461238111	0.0587997648009408	0.486517818599945	0.0496422778953623	0.0587997648009408	0.492301471662443	0.0494124264371974
0.061999752000992	0.451105791482137	0.0442559316014748	0.061999752000992	0.435824507439455	0.0407221108212079	0.061999752000992	0.498274870786098	0.0336949070930701	0.061999752000992	0.521450046673012	0.0216680466573911	0.061999752000992	0.4482095743159	0.0437614183483524	0.061999752000992	0.447466285876443	0.0348723447470457	0.061999752000992	0.465679039571529	0.0619737135467575	0.061999752000992	0.564969534248968	0.0342937953788714	0.061999752000992	0.57698622360518	0.0574991773968245	0.061999752000992	0.522709551984229	0.0438577991279938
0.0651997392010432	0.421885431988273	0.0511437250663043	0.0651997392010432	0.469112411833748	0.0554734397126152	0.0651997392010432	0.459154627153944	0.0444571021459139	0.0651997392010432	0.426492591018079	0.0325311955382189	0.0651997392010432	0.429943202523916	0.033925326912685	0.0651997392010432	0.454253071929459	0.0328270012299454	0.0651997392010432	0.407222367778243	0.028121176855328	0.0651997392010432	0.490703846195089	0.0168604540854053	0.0651997392010432	0.451780479077858	0.0189995981537347	0.0651997392010432	0.449987489752184	0.0540533248178047
0.0683997264010944	0.394578195170587	0.0287086757807426	0.0683997264010944	0.412869988997396	0.0339390778037453	0.0683997264010944	0.428955614584933	0.0427801410159973	0.0683997264010944	0.503097989131605	0.0476493343312643	0.0683997264010944	0.440560907824995	0.0466404162599904	0.0683997264010944	0.492941685559292	0.0242828014780537	0.0683997264010944	0.480529545483794	0.0364573685796098	0.0683997264010944	0.452482189192608	0.0289128045498999	0.0683997264010944	0.466723598795742	0.03387882010677	0.0683997264010944	0.47342448992751	0.0545499740600181
0.0715997136011456	0.382204622407891	0.0488072395905597	0.0715997136011456	0.369672593094093	0.0232264239656856	0.0715997136011456	0.463240464300881	0.0372560352375209	0.0715997136011456	0.435018569943472	0.0277492693456532	0.0715997136011456	0.433836387007448	0.0346637922053332	0.0715997136011456	0.426684468446052	0.0403876735360957	0.0715997136011456	0.429771592464376	0.0334859658308878	0.0715997136011456	0.427225575335242	0.0447938744811876	0.0715997136011456	0.406328115429405	0.03549038403216	0.0715997136011456	0.467084427041772	0.0411774534096463
0.0747997008011968	0.385291640532758	0.0443076690475831	0.0747997008011968	0.389593022290498	0.0479777596464747	0.0747997008011968	0.405763042904273	0.0510010586286616	0.0747997008011968	0.479224291094959	0.0435340625083045	0.0747997008011968	0.4153009978765	0.029846174628345	0.0747997008011968	0.444328895033231	0.0248332053265171	0.0747997008011968	0.408828809314147	0.0325017143118094	0.0747997008011968	0.372153438173553	0.0378944016001468	0.0747997008011968	0.352239476096639	0.0426122884216745	0.0747997008011968	0.445697217814984	0.0491462231533722
0.077999688001248	0.383084044749969	0.0361269676093277	0.077999688001248	0.397274965406044	0.0331291127056571	0.077999688001248	0.348976522091336	0.0408195976364533	0.077999688001248	0.349467009369142	0.0401104500893722	0.077999688001248	0.408168928452926	0.0585322639241148	0.077999688001248	0.358303299989838	0.0393586813682601	0.077999688001248	0.503554857271034	0.038433768292103	0.077999688001248	0.451267025945339	0.0634490595315385	0.077999688001248	0.457357505324427	0.0267842387983172	0.077999688001248	0.430809609879626	0.0422849390821091
0.0811996752012992	0.359843730259206	0.044140947575391	0.0811996752012992	0.350380912083348	0.0332055942925153	0.0811996752012992	0.401328082645379	0.0405828501432673	0.0811996752012992	0.413437312021492	0.042506470370885	0.0811996752012992	0.41145553380274	0.0357931307724161	0.0811996752012992	0.377931677325344	0.036183451157917	0.0811996752012992	0.391778732612794	0.0326814475097964	0.0811996752012992	0.457212909389218	0.0554104054672558	0.0811996752012992	0.477170050834953	0.0448627402284608	0.0811996752012992	0.512354161212007	0.033411777542773
0.0843996624013504	0.369212581441061	0.010066691439277	0.0843996624013504	0.292242554058788	0.0342174612380833	0.0843996624013504	0.315604279708097	0.0290438693991181	0.0843996624013504	0.38042635445185	0.0311623074028198	0.0843996624013504	0.363213094505469	0.029896960867561	0.0843996624013504	0.410536862489224	0.0344271577465731	0.0843996624013504	0.4598597402363	0.0275805081674854	0.0843996624013504	0.355893269247271	0.0361853957076491	0.0843996624013504	0.397740569470062	0.0326017229188244	0.0843996624013504	0.352537891644336	0.0379718674265489
0.0875996496014016	0.298304004841722	0.0406803382095845	0.0875996496014016	0.339677883522304	0.0276935206767042	0.0875996496014016	0.303112400848659	0.0217777432408208	0.0875996496014016	0.422640461483647	0.0430613634244905	0.0875996496014016	0.37961013032644	0.0336668015744105	0.0875996496014016	0.339620622750839	0.0241709271879886	0.0875996496014016	0.415599855152962	0.0592208758947136	0.0875996496014016	0.327772937492129	0.0427296529394156	0.0875996496014016	0.491006441393895	0.0412292946551421	0.0875996496014016	0.3408301183673	0.0286535817705758
0.0907996368014528	0.303193720523203	0.0208313927478579	0.0907996368014528	0.344527636339559	0.037718819258971	0.0907996368014528	0.324634108902784	0.0327426447577016	0.0907996368014528	0.364331025824158	0.0580506784209671	0.0907996368014528	0.384904553927558	0.0286563857071325	0.0907996368014528	0.380298475236041	0.0513078983841603	0.0907996368014528	0.412793980293301	0.0524921970957296	0.0907996368014528	0.360704904741821	0.0585751082431431	0.0907996368014528	0.376571902191172	0.0373250826078571	0.0907996368014528	0.303953069659161	0.0394417295133908
0.093999624001504	0.332795276664734	0.028950657811901	0.093999624001504	0.336000596261205	0.0377524226387322	0.093999624001504	0.424465240402556	0.0425044800377871	0.093999624001504	0.338689853847312	0.031651822141318	0.093999624001504	0.330753454128099	0.0333618564111798	0.093999624001504	0.327284311605282	0.0299237008114842	0.093999624001504	0.334463238449816	0.0351610981081136	0.093999624001504	0.344102978684183	0.0327492581457079	0.093999624001504	0.353500953297522	0.0408520723272584	0.093999624001504	0.334392175198101	0.0374541498950565
0.0971996112015552	0.277745020462538	0.0202177567999022	0.0971996112015552	0.333958213289125	0.0273643875953753	0.0971996112015552	0.34161015007072	0.0362059209151163	0.0971996112015552	0.369745446505953	0.0459953375503393	0.0971996112015552	0.359778166212449	0.030809218576462	0.0971996112015552	0.306977953646194	0.0398634924457939	0.0971996112015552	0.326826358726764	0.0322839579320958	0.0971996112015552	0.322416507343745	0.0439591189446972	0.0971996112015552	0.369225016163117	0.05481757851968	0.0971996112015552	0.399828661655971	0.0307812647016309
0.100399598401606	0.305933898353032	0.0202339568118613	0.100399598401606	0.312878897148108	0.0308687665328782	0.100399598401606	0.338177849983483	0.0274726089653443	0.100399598401606	0.395699927240457	0.0256927319155669	0.100399598401606	0.367839789237984	0.0342395005601671	0.100399598401606	0.312823908923973	0.0455671345364043	0.100399598401606	0.392331029481597	0.0374692147191299	0.100399598401606	0.296509128419257	0.033858175534158	0.100399598401606	0.318440274806087	0.0295599302267044	0.100399598401606	0.327763718622988	0.0355277247477544
0.105199579201683	0.285335670958458	0.0108843603273766	0.105199579201683	0.311136684844149	0.0174339692224716	0.105199579201683	0.291214579394437	0.0156453024223555	0.105199579201683	0.3029887167465	0.0317751535467724	0.105199579201683	0.314578906076411	0.0365364138456017	0.105199579201683	0.324874014847365	0.0230789765141519	0.105199579201683	0.343234971732674	0.0198881949945722	0.105199579201683	0.381499390702294	0.0217497827039237	0.105199579201683	0.327127496944075	0.0279731178626092	0.105199579201683	0.367588105935738	0.0289702493710359
0.111599553601786	0.251245048910263	0.021648721617113	0.111599553601786	0.284523646799724	0.0200281575357969	0.111599553601786	0.287283770661799	0.0349875768026695	0.111599553601786	0.300914078750867	0.0337024437743537	0.111599553601786	0.363026684010879	0.0282935755922228	0.111599553601786	0.266561119404046	0.0257984155708095	0.111599553601786	0.370605158605579	0.0260649568501773	0.111599553601786	0.314639848777722	0.0364443231172815	0.111599553601786	0.355957150280958	0.0217045106229459	0.111599553601786	0.294288753263135	0.0323184193726633
0.117999528001888	0.275786599410232	0.0238223335184073	0.117999528001888	0.251471857102406	0.022494332827734	0.117999528001888	0.238867158424054	0.0205459466665446	0.117999528001888	0.268176061796407	0.0212264899651677	0.117999528001888	0.306152304130792	0.0332439571024313	0.117999528001888	0.302321254269426	0.0348411694059199	0.117999528001888	0.291581569011838	0.0186969620231335	0.117999528001888	0.308942890739491	0.0297041851166787	0.117999528001888	0.347472901270565	0.0224089273514898	0.117999528001888	0.345047489947868	0.0285726011557753
0.12439950240199	0.233228278601574	0.0250213694176858	0.12439950240199	0.285483679911849	0.0267252397183127	0.12439950240199	0.244254365544539	0.0231696167877743	0.12439950240199	0.262578170647394	0.0260187890515842	0.12439950240199	0.251015728073489	0.0236892796159444	0.12439950240199	0.343880061726217	0.0227053204197836	0.12439950240199	0.321078480695678	0.0330920212422548	0.12439950240199	0.276413306280466	0.0341015378936382	0.12439950240199	0.29516325113099	0.0258258468248696	0.12439950240199	0.285893299797254	0.0295073022917461
0.130799476802093	0.222436980070785	0.0183959599107552	0.130799476802093	0.233899731323502	0.0149133219695708	0.130799476802093	0.212764395447252	0.0202247947419359	0.130799476802093	0.248509739312226	0.0195156378778493	0.130799476802093	0.289487635947284	0.02258799002981	0.130799476802093	0.197881845353404	0.0343472590273268	0.130799476802093	0.287126439909085	0.029848122186945	0.130799476802093	0.243253512456336	0.0354635338005343	0.130799476802093	0.270514103461002	0.0206934501917142	0.130799476802093	0.292070064991245	0.0310685288838862
0.137199451202195	0.228749741157298	0.0180671193847594	0.137199451202195	0.192397492172623	0.0190785741332502	0.137199451202195	0.21928651399501	0.0270602035894083	0.137199451202195	0.244170679715214	0.0307123916714045	0.137199451202195	0.265416393415204	0.0286195742145572	0.137199451202195	0.274516491781871	0.0217483945155782	0.137199451202195	0.281153083998708	0.0275198896803151	0.137199451202195	0.223869528141696	0.0195556963250908	0.137199451202195	0.308395092842312	0.0300458159907881	0.137199451202195	0.287835350643375	0.015146310941909
0.143599425602298	0.206961863330369	0.017739906925886	0.143599425602298	0.246957623402649	0.0180446355868298	0.143599425602298	0.215106880506232	0.0289484543733979	0.143599425602298	0.196901299161472	0.0257224274209113	0.143599425602298	0.267856072065766	0.0235079843695393	0.143599425602298	0.227370921549513	0.0200407487115422	0.143599425602298	0.282403920608467	0.0290763210851713	0.143599425602298	0.289094429944571	0.0242494687365716	0.143599425602298	0.262277786911923	0.0282550497016471	0.143599425602298	0.215112909996137	0.0409971363129695
0.1499994000024	0.196889728770713	0.0158829389213165	0.1499994000024	0.255809038562165	0.0201957440230299	0.1499994000024	0.196369942381871	0.037132004845151	0.1499994000024	0.194111515040069	0.0272007918013663	0.1499994000024	0.230010233698096	0.0225761664459574	0.1499994000024	0.216940839555091	0.0204328674700541	0.1499994000024	0.231964210199381	0.0274881736587522	0.1499994000024	0.224922713669722	0.0147990046713814	0.1499994000024	0.243696076680272	0.0193646432892558	0.1499994000024	0.248558229404701	0.0115323685282196
0.156399374402502	0.205979202581062	0.0242419518913069	0.156399374402502	0.209806070120806	0.0246220680944604	0.156399374402502	0.217161067435605	0.0269093912272117	0.156399374402502	0.219651017708624	0.0208102149953513	0.156399374402502	0.2036793416726	0.0151043374007678	0.156399374402502	0.220109514669239	0.0301514907798794	0.156399374402502	0.240619909717128	0.0384630923526764	0.156399374402502	0.293157836767551	0.0423110636160236	0.156399374402502	0.232458877653148	0.0280553240408231	0.156399374402502	0.214462827714786	0.0218823917469125
0.162799348802605	0.197557122196347	0.0177567045226313	0.162799348802605	0.18607860423327	0.0316002740742715	0.162799348802605	0.221569056117198	0.0162697838955634	0.162799348802605	0.245306169514697	0.0343631693751834	0.162799348802605	0.208759327639797	0.0343609007093092	0.162799348802605	0.230353696605763	0.0338292166536231	0.162799348802605	0.235107358936425	0.0284937577112871	0.162799348802605	0.253461199722944	0.0226884235943932	0.162799348802605	0.20086166581293	0.0314656343335046	0.162799348802605	0.239828576384022	0.0367828683653757
0.169199323202707	0.174581333141902	0.0217282715861236	0.169199323202707	0.17792249665364	0.0242219539464715	0.169199323202707	0.152737295595888	0.0245331611432389	0.169199323202707	0.223028587853399	0.0316848961864594	0.169199323202707	0.202824003641542	0.0222563243213292	0.169199323202707	0.216725828429607	0.0267969558700244	0.169199323202707	0.190900284489198	0.0267492839861521	0.169199323202707	0.238290387981103	0.030983242342208	0.169199323202707	0.223548720675664	0.0251304190891129	0.169199323202707	0.198056990506601	0.0220226975505777
0.17559929760281	0.17851037223645	0.0216453862104302	0.17559929760281	0.215935878398903	0.0211348479208283	0.17559929760281	0.198832238095108	0.0173209209780892	0.17559929760281	0.177077491401837	0.021724853072682	0.17559929760281	0.20583564819858	0.0177849376980248	0.17559929760281	0.15816611129557	0.0173201409268567	0.17559929760281	0.242627625611262	0.0171235751371368	0.17559929760281	0.210809868688625	0.0314791005932525	0.17559929760281	0.228226282156325	0.0221531627903816	0.17559929760281	0.214700769079996	0.0409580217650126
0.181999272002912	0.197327264792375	0.0181989165498986	0.181999272002912	0.153601766575587	0.0146028492027067	0.181999272002912	0.200431550142525	0.0320164394063148	0.181999272002912	0.237038683942776	0.0222416784792316	0.181999272002912	0.194901725530577	0.0234652306405242	0.181999272002912	0.164046925498879	0.0327355793391331	0.181999272002912	0.200976587910992	0.0370653897585751	0.181999272002912	0.179972974113803	0.0219431259042338	0.181999272002912	0.239211120611765	0.0307428608904041	0.181999272002912	0.183378755698017	0.0216617738368815
0.188399246403014	0.201128899297137	0.0331410773070541	0.188399246403014	0.165322867303535	0.0209833116900016	0.188399246403014	0.163573772440648	0.0159452417469893	0.188399246403014	0.193850553574116	0.0152009591191046	0.188399246403014	0.212842533050888	0.0198495727810083	0.188399246403014	0.123390014620547	0.0175943831867136	0.188399246403014	0.149279095060624	0.0126119648883568	0.188399246403014	0.211781829957313	0.0281713873681737	0.188399246403014	0.179844670326697	0.0244695579475837	0.188399246403014	0.163710464945409	0.0250772445192677
0.194799220803117	0.205835962028193	0.0252185416441381	0.194799220803117	0.16485586426966	0.0180702237810251	0.194799220803117	0.163293439652182	0.0160964311443546	0.194799220803117	0.181376373373385	0.035138559593668	0.194799220803117	0.187092587532001	0.0193802700814932	0.194799220803117	0.204193996631375	0.0234845454778342	0.194799220803117	0.186129916041713	0.021779314282007	0.194799220803117	0.209225620687721	0.02192288187426	0.194799220803117	0.196710273405338	0.0196444146652504	0.194799220803117	0.172605106595673	0.0324330012677183
0.201199195203219	0.163183287513375	0.0216319619968249	0.201199195203219	0.178864053069431	0.0175277555270805	0.201199195203219	0.17833738054051	0.0276590072727026	0.201199195203219	0.130535952531538	0.0212952380703709	0.201199195203219	0.168569414483459	0.0140870364359064	0.201199195203219	0.205962693116782	0.0237664743320057	0.201199195203219	0.149155556662588	0.0170615867661072	0.201199195203219	0.157846541659232	0.0423589500870871	0.201199195203219	0.1568909676197	0.0246486854398434	0.201199195203219	0.200261936615682	0.0272884314964742
0.210799156803373	0.14908235226286	0.0128698561054887	0.210799156803373	0.141859212023033	0.0150453876474785	0.210799156803373	0.144454801156491	0.0147550048098502	0.210799156803373	0.183288038796013	0.0213470200556988	0.210799156803373	0.173098484358248	0.0174514494444018	0.210799156803373	0.153286306762759	0.0172922197598538	0.210799156803373	0.18024476876795	0.0202744509731612	0.210799156803373	0.230945498852005	0.0207613508892599	0.210799156803373	0.215909587017303	0.0267792206654477	0.210799156803373	0.170371420873284	0.0169237147501759
0.223599105603578	0.139410499017768	0.0153945663069627	0.223599105603578	0.144889424004466	0.0107438180866834	0.223599105603578	0.167906463968837	0.015503575290344	0.223599105603578	0.140506335737396	0.0144806226844343	0.223599105603578	0.157979777510297	0.0261476298386116	0.223599105603578	0.132552247623537	0.0234121384423008	0.223599105603578	0.135891363820756	0.012866209791898	0.223599105603578	0.149020657873479	0.0285466668517356	0.223599105603578	0.200241995571673	0.0128355223984021	0.223599105603578	0.154144709940018	0.00640496064902203
0.236399054403782	0.141140465287486	0.00987194212857827	0.236399054403782	0.163292639518758	0.0085837407745511	0.236399054403782	0.110386185294301	0.0137906691157631	0.236399054403782	0.14333611524056	0.0151714298871823	0.236399054403782	0.145836094198048	0.0175118631753945	0.236399054403782	0.173366834001643	0.021151783309741	0.236399054403782	0.143535107476224	0.0167994016558787	0.236399054403782	0.131456254968011	0.0174256173601691	0.236399054403782	0.180302198869787	0.0263976780767332	0.236399054403782	0.123466741385415	0.0197956899261672
0.249199003203987	0.157425831086019	0.0174945311421584	0.249199003203987	0.120086056717281	0.0256054303634542	0.249199003203987	0.125037062953671	0.0153496869658149	0.249199003203987	0.131876552486024	0.0167770955776113	0.249199003203987	0.156523876385674	0.0175613878034712	0.249199003203987	0.126405258111809	0.0161020113393922	0.249199003203987	0.117652937026343	0.0165734096543558	0.249199003203987	0.144554321144289	0.0238247355638116	0.249199003203987	0.145452140842144	0.0197723787988927	0.249199003203987	0.131868776860572	0.0145026206714716
0.261998952004192	0.133259909926344	0.017837234190798	0.261998952004192	0.102976385096923	0.015442692992394	0.261998952004192	0.139330150861989	0.00940917132977777	0.261998952004192	0.131778777681263	0.0176755960030371	0.261998952004192	0.130330295176593	0.0115738773785983	0.261998952004192	0.130672479069071	0.0160579005104819	0.261998952004192	0.13430697270954	0.0176212971364943	0.261998952004192	0.103163100040481	0.0194838937350773	0.261998952004192	0.147494070110184	0.0123915892709605	0.261998952004192	0.186930434400769	0.0183237067382802
0.274798900804397	0.0983002049407537	0.0160801324324896	0.274798900804397	0.142207953190896	0.0121274951530687	0.274798900804397	0.11120750392522	0.0193092969950999	0.274798900804397	0.144810948207754	0.0148965394764859	0.274798900804397	0.127595205744687	0.0199484221450114	0.274798900804397	0.113657211084796	0.0152089840869925	0.274798900804397	0.150656878707305	0.0126504134175787	0.274798900804397	0.126218721218439	0.0155851678609734	0.274798900804397	0.140004226926148	0.0158264679107992	0.274798900804397	0.148904472062724	0.0214405641756344
0.287598849604602	0.127595452719118	0.0124202853780572	0.287598849604602	0.104884274106888	0.0236930886532958	0.287598849604602	0.162018398908053	0.0153482975962859	0.287598849604602	0.120302135408034	0.0243434053068734	0.287598849604602	0.147573005363333	0.0296954730038977	0.287598849604602	0.114430357375275	0.0215858706231974	0.287598849604602	0.125822866130619	0.0186923037583042	0.287598849604602	0.110701869729434	0.0203251129216677	0.287598849604602	0.115482214951416	0.0246024570295422	0.287598849604602	0.143376641052544	0.0173891167257984
0.300398798404806	0.122766977046534	0.0123161601285946	0.300398798404806	0.124817610506722	0.0159443148185624	0.300398798404806	0.134895098955553	0.0198527127099009	0.300398798404806	0.102837075706623	0.0181324510950738	0.300398798404806	0.115605593658211	0.0160413754191793	0.300398798404806	0.116017037371858	0.0164721875590251	0.300398798404806	0.126355428851297	0.0123338055154772	0.300398798404806	0.126046724314511	0.010771023280871	0.300398798404806	0.107786998193112	0.0169248242868291	0.300398798404806	0.100029443441756	0.0179449623174796
0.313198747205011	0.106793003213665	0.0126639645752561	0.313198747205011	0.108361160326709	0.0197998543323239	0.313198747205011	0.0855953071130794	0.011030827334783	0.313198747205011	0.101887069216812	0.0157733197915095	0.313198747205011	0.112877673507433	0.0217307447838021	0.313198747205011	0.099404114255459	0.0131821010518974	0.313198747205011	0.1139081285648	0.0133462470138069	0.313198747205011	0.0940060717481165	0.0152825832112527	0.313198747205011	0.114802696081689	0.0150860116656297	0.313198747205011	0.114802005870712	0.0226355697671865
0.325998696005216	0.0927580293255765	0.0211844162894431	0.325998696005216	0.0901957802694195	0.018299512161603	0.325998696005216	0.0840272091893668	0.0135398351244329	0.325998696005216	0.103742881611462	0.0130954351338713	0.325998696005216	0.105365342824651	0.0256531495705148	0.325998696005216	0.11731379074575	0.0138391671552237	0.325998696005216	0.0789437097101801	0.0132334015014876	0.325998696005216	0.118892285487104	0.0168178562388057	0.325998696005216	0.10100471054775	0.0215603332794445	0.325998696005216	0.089003094389629	0.0104799323882116
0.338798644805421	0.0682989432520388	0.0199539802119293	0.338798644805421	0.104692703745354	0.0181459075954451	0.338798644805421	0.0978035936417366	0.0159551108233642	0.338798644805421	0.11386111030836	0.0164675113713703	0.338798644805421	0.114795526420944	0.0193404890336925	0.338798644805421	0.0980316702198461	0.0173805454771382	0.338798644805421	0.0974282585011604	0.0247003017057881	0.338798644805421	0.123937745638413	0.0216706260774522	0.338798644805421	0.118881647008559	0.0219959460227296	0.338798644805421	0.117547703008663	0.0290718218513631
0.351598593605626	0.0750926754008822	0.0171858788673173	0.351598593605626	0.0662347464998069	0.0167891116779664	0.351598593605626	0.0698743510264728	0.0164155611705503	0.351598593605626	0.10732846950242	0.0158092810207355	0.351598593605626	0.0888254937135968	0.0155369009508001	0.351598593605626	0.0807403628284285	0.0203301715396126	0.351598593605626	0.101514178734972	0.0203310365592777	0.351598593605626	0.129722722291682	0.0179226184075016	0.351598593605626	0.114964549263776	0.0131181973068247	0.351598593605626	0.0979763415323427	0.0164542866862799
0.36439854240583	0.0956459742929345	0.0163782172635949	0.36439854240583	0.0785337621523351	0.0131400269688398	0.36439854240583	0.126209511414236	0.0152632861869073	0.36439854240583	0.0967217777249995	0.0206111868086125	0.36439854240583	0.0739006827444758	0.0117634805528051	0.36439854240583	0.1143285622633	0.0184146123949588	0.36439854240583	0.0975685002274817	0.0228097982793223	0.36439854240583	0.069875875449759	0.0261408938228092	0.36439854240583	0.104387640325588	0.0207256001988869	0.36439854240583	0.0532199184207662	0.0171452196971126
0.377198491206035	0.131065362618975	0.0154345828670035	0.377198491206035	0.068173685486956	0.010823347404349	0.377198491206035	0.0745935798568645	0.0116662961517455	0.377198491206035	0.0874549075297876	0.011247786696188	0.377198491206035	0.0912990747901647	0.0156451014019058	0.377198491206035	0.0999785509031401	0.0162494503021916	0.377198491206035	0.127522543021946	0.0149463736356064	0.377198491206035	0.10823236296873	0.0217768597496456	0.377198491206035	0.0975092150122205	0.0160859761206092	0.377198491206035	0.102837961334961	0.0185163529420511
0.38999844000624	0.0930619338792769	0.0147992372895871	0.38999844000624	0.0639856144867274	0.0185243952791422	0.38999844000624	0.0805617933785142	0.0132549455839856	0.38999844000624	0.104904188838791	0.015777509069858	0.38999844000624	0.0539280811837333	0.018224966160342	0.38999844000624	0.0655319584611064	0.0209480642038946	0.38999844000624	0.118906480279763	0.0196148622132506	0.38999844000624	0.0685473650710962	0.0161697637411237	0.38999844000624	0.0922290578315766	0.0144956799763514	0.38999844000624	0.0864624286618629	0.021076198546562
0.402798388806445	0.0557635600814827	0.0130401857977107	0.402798388806445	0.0764311494643664	0.0086666584573152	0.402798388806445	0.0854459324487687	0.0183560511248737	0.402798388806445	0.119365206868174	0.0180895875597828	0.402798388806445	0.071970000965541	0.0253581290143488	0.402798388806445	0.0938083136479709	0.0243211610989169	0.402798388806445	0.105892198840091	0.00809227790552659	0.402798388806445	0.0999712632728207	0.0143049068138832	0.402798388806445	0.114477426799817	0.0322802813103248	0.402798388806445	0.0949307934052361	0.0214417744973483
0.421998312006752	0.0813313769888252	0.00927750057337347	0.421998312006752	0.0635407301413337	0.00899077194489902	0.421998312006752	0.0711117373458141	0.0137212486316978	0.421998312006752	0.0862321107460968	0.0116842600202382	0.421998312006752	0.0849079819520826	0.0145004606643904	0.421998312006752	0.100951198942005	0.01391653694722	0.421998312006752	0.0956872786667601	0.0126402102619426	0.421998312006752	0.0903667928899508	0.0135060793023485	0.421998312006752	0.0804718389066775	0.0118350271768771	0.421998312006752	0.0930942055139074	0.0162179429679083
0.447598209607162	0.0375584670233687	0.0141916599720953	0.447598209607162	0.0685633867566697	0.0134088205829783	0.447598209607162	0.0531023406879396	0.00678268565094608	0.447598209607162	0.0693167711078994	0.0105792813205128	0.447598209607162	0.0751598753141272	0.0121471731598067	0.447598209607162	0.0606950492314427	0.00805266718521312	0.447598209607162	0.0617115043445474	0.0111392720973358	0.447598209607162	0.0683163430562978	0.0134944601001349	0.447598209607162	0.0624548526628513	0.0148425334944169	0.447598209607162	0.103658424285116	0.0124501019473225
0.473198107207571	0.0477516985009569	0.0114605373373687	0.473198107207571	0.0686501650015744	0.00688593221936196	0.473198107207571	0.0811415193014492	0.0157407879406397	0.473198107207571	0.0583750153434966	0.014932537313562	0.473198107207571	0.062901879611898	0.0122501823687962	0.473198107207571	0.0628142287959133	0.0174831610971931	0.473198107207571	0.0783722097733247	0.0125498651183643	0.473198107207571	0.0744619902482418	0.015241496655072	0.473198107207571	0.0743684982891296	0.0152079298863838	0.473198107207571	0.063400193903123	0.0127096380518439
0.498798004807981	0.0644215144316292	0.00600155627322106	0.498798004807981	0.0590015006815583	0.0162313323266993	0.498798004807981	0.0641415513785377	0.0149289304642617	0.498798004807981	0.0661140913322597	0.0112619275280687	0.498798004807981	0.0793971423484932	0.0111056846310148	0.498798004807981	0.0504447936434192	0.0149545372143108	0.498798004807981	0.0521407853104471	0.0161053150629954	0.498798004807981	0.0880786996984266	0.0125629398485208	0.498798004807981	0.0561818609244158	0.0105674684832877	0.498798004807981	0.0574448649311152	0.0177001627623551
0.52439790240839	0.039685126141562	0.0193145976084965	0.52439790240839	0.0665359394259105	0.0170868182247658	0.52439790240839	0.0691880290593725	0.00956920869986761	0.52439790240839	0.0435497943761856	0.0136092684427196	0.52439790240839	0.0490938675452799	0.0128621624177015	0.52439790240839	0.0464938686432335	0.0117607738258811	0.52439790240839	0.0592733310126351	0.0137535440707561	0.52439790240839	0.0891054417183583	0.0166824471241053	0.52439790240839	0.0745096394811483	0.00929348631764366	0.52439790240839	0.0437113810808727	0.013266089711651
0.5499978000088	0.069520914464297	0.0096225001835873	0.5499978000088	0.0524434545207291	0.0178103767776082	0.5499978000088	0.0535012698746864	0.0135017850616991	0.5499978000088	0.0820825523589001	0.0102939131797891	0.5499978000088	0.0509340799540275	0.00931955937391109	0.5499978000088	0.0423766156457421	0.0151505350746929	0.5499978000088	0.0600174970097988	0.0155463501226073	0.5499978000088	0.0550901313839181	0.00742379770977361	0.5499978000088	0.0792440951987917	0.012542485879777	0.5499978000088	0.0629498553136071	0.0151926556967896
0.57559769760921	0.0500485435874427	0.0108766658086795	0.57559769760921	0.0452124208014759	0.0142576846196816	0.57559769760921	0.0532587982430317	0.0130197700120145	0.57559769760921	0.0561796468226667	0.0155406474836594	0.57559769760921	0.064996179340453	0.0200035504809299	0.57559769760921	0.0538936095049541	0.0117242026836297	0.57559769760921	0.0439453343646678	0.0112088157649852	0.57559769760921	0.0739606340917104	0.0163863251294275	0.57559769760921	0.0337572022968055	0.0101084855896975	0.57559769760921	0.0474764545139748	0.0153745078966775
0.601197595209619	0.0449632227457057	0.0098982440915419	0.601197595209619	0.0550010285103336	0.0124639698566343	0.601197595209619	0.0397145871697157	0.00953215438173708	0.601197595209619	0.0415174934089311	0.0122839757643897	0.601197595209619	0.0468215992769282	0.00989358321571671	0.601197595209619	0.0313263164118124	0.00901473919047051	0.601197595209619	0.040008949182129	0.00781002312399853	0.601197595209619	0.0619265757520383	0.0124375395135431	0.601197595209619	0.0552089983430988	0.0104137414265617	0.601197595209619	0.063949155722163	0.0124809103863176
0.626797492810029	0.0433931322917354	0.0102588350089585	0.626797492810029	0.0291573765816883	0.0131284047463941	0.626797492810029	0.0382231111892976	0.0103288016062474	0.626797492810029	0.043138373299081	0.0165132394340916	0.626797492810029	0.0478125694251111	0.0170896011294784	0.626797492810029	0.05213139024752	0.0145398204838363	0.626797492810029	0.053013870027618	0.0128997612667066	0.626797492810029	0.0479149187309175	0.0149279536256139	0.626797492810029	0.0488481649403246	0.00889535280799582	0.626797492810029	0.0399439565827998	0.0108625027451699
0.652397390410438	0.040608026477475	0.0127168846891055	0.652397390410438	0.0501323340941038	0.0100200122087447	0.652397390410438	0.0584821757462434	0.0123625791616229	0.652397390410438	0.0311592506713335	0.00868793807447134	0.652397390410438	0.0235144079742623	0.00813833787770731	0.652397390410438	0.0691309974280838	0.0185495328369804	0.652397390410438	0.0223149887232507	0.013973261834028	0.652397390410438	0.0658042395465901	0.0125341874894657	0.652397390410438	0.0672119530400491	0.0171528639096434	0.652397390410438	0.0771694240670754	0.0105489803548129
0.677997288010848	0.0318595375820364	0.0095487991998942	0.677997288010848	0.0290825217099057	0.00849524941934486	0.677997288010848	0.0563369096324822	0.0161145030811539	0.677997288010848	0.0580735528159723	0.0100601388566048	0.677997288010848	0.0244123420763076	0.0162169092809772	0.677997288010848	0.0273175838856309	0.00877316910578231	0.677997288010848	0.0705518049517106	0.0104337262153886	0.677997288010848	0.0253052333620762	0.0116952228328553	0.677997288010848	0.0520126698621222	0.0117482880084836	0.677997288010848	0.0688855337082034	0.011898631697633
0.703597185611257	0.0420268757049225	0.00595295482076927	0.703597185611257	0.0560131036973053	0.0095022705907079	0.703597185611257	0.0285195833974864	0.0119506466168015	0.703597185611257	0.0552122174635577	0.0121671295377633	0.703597185611257	0.0368350647649225	0.0102240019839185	0.703597185611257	0.0540420743092704	0.0165476453775927	0.703597185611257	0.0588384732350375	0.011073141542912	0.703597185611257	0.0566038126421876	0.0166969542845972	0.703597185611257	0.0433433030727236	0.0106398026506082	0.703597185611257	0.0612470500058637	0.014388751730134
0.729197083211667	0.025599665500894	0.0080702576598263	0.729197083211667	0.0527649305092003	0.0131524062731494	0.729197083211667	0.0256152134465332	0.0111077019875182	0.729197083211667	0.0623152420049426	0.0146630705180536	0.729197083211667	0.0414972737052725	0.0102824831043739	0.729197083211667	0.0245365308936509	0.00957942458077298	0.729197083211667	0.0607929365842323	0.0142619197176963	0.729197083211667	0.0567897835964161	0.0182228112979715	0.729197083211667	0.0440252762285572	0.0146650196658527	0.729197083211667	0.0538173936093883	0.0144177855517162
0.754796980812077	0.0267781900816569	0.0097121288868214	0.754796980812077	0.0495269517526344	0.0107937944237271	0.754796980812077	0.0499787235359692	0.00975380741188462	0.754796980812077	0.0619791157052522	0.0150420205058998	0.754796980812077	0.0478114766781385	0.0131101156086751	0.754796980812077	0.0190586716471386	0.0130070450549173	0.754796980812077	0.0292104663578833	0.00935361792731809	0.754796980812077	0.0340371191238641	0.00899749992711347	0.754796980812077	0.0391039944740574	0.0142581275688764	0.754796980812077	0.0557323892556614	0.0180592702021213
0.780396878412486	0.0490482183744151	0.0103111424697747	0.780396878412486	0.0114348765512647	0.0112622530358597	0.780396878412486	0.0493351612949242	0.0149270760928045	0.780396878412486	0.0290948584038148	0.00963450288961108	0.780396878412486	0.0418438058474078	0.00836146759277463	0.780396878412486	0.035629290164063	0.0137925529117892	0.780396878412486	0.064981367374731	0.0142324082807725	0.780396878412486	0.0483726871786431	0.0113001976119795	0.780396878412486	0.0314791020988085	0.0178252020174521	0.780396878412486	0.063204715432361	0.0137483261760632
0.805996776012896	0.0257472146142161	0.0130881560256087	0.805996776012896	0.0266407979928418	0.0142649528883302	0.805996776012896	0.0288983442253035	0.015509236120986	0.805996776012896	0.0589237953375912	0.00980592733485403	0.805996776012896	0.0202945375390153	0.00813205868524225	0.805996776012896	0.0350132228965811	0.0124343684195654	0.805996776012896	0.0427091982938915	0.0101297055465027	0.805996776012896	0.0441490841839089	0.0125605752556594	0.805996776012896	0.0604016844130644	0.0140027856032534	0.805996776012896	0.0517642758474629	0.0109990175248255
0.84439662241351	0.0213478981345562	0.00803695613369736	0.84439662241351	0.0276795177416435	0.00467786018098921	0.84439662241351	0.0280609176133505	0.00577275741002054	0.84439662241351	0.0248507972926157	0.00968898197675478	0.84439662241351	0.0347666872318947	0.00910225954450075	0.84439662241351	0.0295919647147347	0.0120695441244216	0.84439662241351	0.0428315368454813	0.00959534281344017	0.84439662241351	0.0457422672536361	0.0086208717160024	0.84439662241351	0.0393973661277223	0.00825069259461634	0.84439662241351	0.0363334621720295	0.00707617792407644
0.895596417614329	0.0450216335579284	0.0096288104095069	0.895596417614329	0.0315980054861026	0.00726598250694242	0.895596417614329	0.0251230732654766	0.0104766201734626	0.895596417614329	0.0291365705829641	0.0103232566080825	0.895596417614329	0.0287236969967715	0.00791046503599168	0.895596417614329	0.038096033376494	0.00745559074890094	0.895596417614329	0.0431511635973511	0.00934286036070314	0.895596417614329	0.0448186355630385	0.00634391637911549	0.895596417614329	0.0344308160440141	0.00938989625100899	0.895596417614329	0.0295815841211459	0.0105180541295755
0.946796212815149	0.0275255528276626	0.00740308192157673	0.946796212815149	0.02640904925664	0.0047932784925347	0.946796212815149	0.0248213541697934	0.010056326650116	0.946796212815149	0.00281477984336902	0.0109627586588663	0.946796212815149	0.0217630058857294	0.0062250613044403	0.946796212815149	0.0233967547482869	0.0142738187305684	0.946796212815149	0.0435078652581197	0.0104423808651136	0.946796212815149	0.0249994040898051	0.00879633339290814	0.946796212815149	0.0292987253795662	0.00978690273098294	0.946796212815149	0.0325060710749284	0.00975039012216287
0.997996008015968	0.0230566466496982	0.00965991434556822	0.997996008015968	0.0282211205700269	0.00625232145917684	0.997996008015968	0.0302874690135673	0.0077004648597124	0.997996008015968	0.0194602705524221	0.00954922681629151	0.997996008015968	0.0306548398210438	0.00922131337471484	0.997996008015968	0.0293003052738405	0.00641140120758111	0.997996008015968	0.0441942716715042	0.0127903597880788	0.997996008015968	0.0351364359030979	0.00964935622305249	0.997996008015968	0.0384000041517337	0.0076015383018099	0.997996008015968	0.0134163412753321	0.00553822773871459
1.04919580321679	0.0171667806767942	0.0114765249151746	1.04919580321679	0.0295985291970684	0.0084020147671356	1.04919580321679	0.0222966193359952	0.0073322611977676	1.04919580321679	0.0147977134212144	0.0123760199947487	1.04919580321679	0.0148392037748176	0.00438869783731349	1.04919580321679	0.0366842047643638	0.00726410096991085	1.04919580321679	0.0271401655967366	0.00936024972197239	1.04919580321679	0.0365834473747966	0.0102668195293038	1.04919580321679	0.0271572821290181	0.0119783219950834	1.04919580321679	0.033222100449384	0.0136891587108756
1.10039559841761	0.0147616096849673	0.0071858058096532	1.10039559841761	0.0199288357752727	0.00742535330860645	1.10039559841761	0.0114852513806843	0.00819395548073477	1.10039559841761	0.0302730635460667	0.0115224023306562	1.10039559841761	0.0270551116290925	0.00913903652139532	1.10039559841761	-0.00114502664149268	0.00853929735705851	1.10039559841761	0.0358639103706458	0.00737393736200829	1.10039559841761	0.0471586405847751	0.00862085159384626	1.10039559841761	0.0267125549224411	0.00839162616753529	1.10039559841761	0.0193689848678779	0.00874050870957516
1.15159539361843	0.0282564358402857	0.00831203589617924	1.15159539361843	0.0119391606975639	0.00403237975326284	1.15159539361843	0.0208669331963161	0.00751376482586712	1.15159539361843	0.00737141190628837	0.010672659337283	1.15159539361843	0.0196477337327783	0.010189108875433	1.15159539361843	0.0265669828912768	0.0100293736852069	1.15159539361843	0.014219031170094	0.01212452160316	1.15159539361843	0.00818301868157479	0.00719394125486908	1.15159539361843	0.0196357446802874	0.0105823679819263	1.15159539361843	0.0123204360126824	0.019424136997394
1.20279518881924	0.0205164965620633	0.00786779326393135	1.20279518881924	0.0161859565417186	0.00700762188601385	1.20279518881924	0.0297463196152611	0.00737711852353965	1.20279518881924	0.0317087709338777	0.0084008973392831	1.20279518881924	0.0333912144827153	0.00801956979613743	1.20279518881924	0.0245188955498028	0.0111686332078183	1.20279518881924	0.0164471158833546	0.0130905833406103	1.20279518881924	0.0405513749530584	0.00980515537056915	1.20279518881924	0.0308979550051002	0.0100373628902835	1.20279518881924	0.0134008604519438	0.00884299100472358
1.25399498402006	0.0166896265908364	0.0047759131189665	1.25399498402006	-0.00418681426788082	0.00593589561373591	1.25399498402006	0.0220172372225912	0.0096539997137561	1.25399498402006	0.0448789144486589	0.00979520027245896	1.25399498402006	0.0232799334745181	0.00744254253181432	1.25399498402006	0.00477387980777201	0.00787409019646274	1.25399498402006	0.0151950607240025	0.00778434402065634	1.25399498402006	0.018815478926347	0.0114671118952451	1.25399498402006	0.0258534562194651	0.00894183889910275	1.25399498402006	0.020626033777801	0.00535377293439311
1.30519477922088	0.0236867036348998	0.0058209432882066	1.30519477922088	0.00770028435530506	0.011607536780462	1.30519477922088	0.0231974109547279	0.00736599738743187	1.30519477922088	0.0213204173001459	0.00696507390153902	1.30519477922088	0.0338405910044352	0.00591765195226992	1.30519477922088	0.0222483653114627	0.0109127005055285	1.30519477922088	0.00937894862347888	0.00584456404612124	1.30519477922088	0.02560369416096	0.0125904326159952	1.30519477922088	0.0481031464368835	0.0116749106125848	1.30519477922088	0.0231106516142375	0.00712841379961469
1.3563945744217	0.0157357372898609	0.00707953019441787	1.3563945744217	0.0258720097833882	0.00714843999529575	1.3563945744217	0.0185318994183513	0.0097706822551886	1.3563945744217	0.0347854337597824	0.0103087146654486	1.3563945744217	0.0115199659197291	0.00828019421486561	1.3563945744217	0.0338256997855339	0.0130121114740463	1.3563945744217	0.0183106238131062	0.0106096697609082	1.3563945744217	0.0219882171355048	0.00847725538380041	1.3563945744217	0.0275689885697729	0.0109796720792795	1.3563945744217	0.016186114118888	0.00626291221253713
1.40759436962252	0.0395257247389766	0.00831473225566701	1.40759436962252	0.0146794467998374	0.00895132414433139	1.40759436962252	0.0193429474154974	0.00735084166589943	1.40759436962252	0.0203477875745559	0.0105728244004699	1.40759436962252	0.011962592876458	0.00619589171104027	1.40759436962252	0.0245463213000926	0.00641006443616819	1.40759436962252	0.0140786697460463	0.00860704260050606	1.40759436962252	0.0294496367593053	0.0129704558912759	1.40759436962252	0.0215209634369113	0.0129969064387049	1.40759436962252	0.0173261485821448	0.00705366555579722
1.45879416482334	0.0284642252108175	0.00842318868330913	1.45879416482334	0.0161503148893477	0.00978259543598774	1.45879416482334	0.0172316464665937	0.00691790695854052	1.45879416482334	0.00990460140311152	0.00908060866174334	1.45879416482334	0.0232347712488736	0.0104094923897685	1.45879416482334	0.0246616636358789	0.00921354613328618	1.45879416482334	0.0156143453023612	0.0112154090185121	1.45879416482334	0.0339945227941272	0.00780238804992724	1.45879416482334	0.0314832456310427	0.00875575576488396	1.45879416482334	0.0230981133741024	0.0074104467128086
1.50999396002416	0.0125049141468239	0.0107978140482098	1.50999396002416	0.0131572140152086	0.00727021824436032	1.50999396002416	0.00835438375936494	0.00898180122947496	1.50999396002416	0.00302509018729676	0.00689789299669768	1.50999396002416	0.0120419988414035	0.0113451597760029	1.50999396002416	0.0254224573932603	0.0075318449765972	1.50999396002416	0.0119234233866545	0.0103893737368451	1.50999396002416	0.0257283945712414	0.00829919459175352	1.50999396002416	0.0387236486512707	0.00776211473447887	1.50999396002416	-0.019096750586289	0.0112971479832542
1.56119375522498	0.00935443325327929	0.00603145395574756	1.56119375522498	0.00634350982549323	0.00661816912002686	1.56119375522498	0.0313345854345719	0.00964400451630692	1.56119375522498	0.019276341871953	0.00785815652585553	1.56119375522498	0.00474755474775546	0.00839479253513413	1.56119375522498	0.0266783479057161	0.00677974582886023	1.56119375522498	0.0198334764582153	0.00585988776651187	1.56119375522498	0.0149723649090709	0.0109650675402057	1.56119375522498	0.0251776476158813	0.00818634847237071	1.56119375522498	0.008683163421143	0.0093849109791101
1.6123935504258	0.0181616171163167	0.01085970296043	1.6123935504258	0.0179444432466862	0.00740947649871581	1.6123935504258	0.00565428784938429	0.00651619129773033	1.6123935504258	0.0294701729026969	0.00654785268234876	1.6123935504258	0.0231195613809854	0.00966302929055422	1.6123935504258	0.0190037860488199	0.00757894289322765	1.6123935504258	0.0135324523506438	0.00837740117132866	1.6123935504258	0.0108253441138098	0.00505609908278887	1.6123935504258	0.0173471906020963	0.00817019181596294	1.6123935504258	0.00966823229827413	0.00434215250921503
1.68919324322703	0.00754695411921732	0.00525376462822927	1.68919324322703	0.00877901905021657	0.00369517085984689	1.68919324322703	0.0188353239183986	0.00669404883467799	1.68919324322703	0.0197844162904533	0.00462018373763833	1.68919324322703	0.0134784544258125	0.00469712372402317	1.68919324322703	0.00921347005292153	0.00685743081260294	1.68919324322703	0.0192904225649281	0.00646228246692173	1.68919324322703	0.0223772901244468	0.00469391659351663	1.68919324322703	0.02539763391478	0.00977863709253913	1.68919324322703	0.0118751499762035	0.00579479499521825
1.79159283362867	0.00958072477824227	0.00519082965146783	1.79159283362867	0.0187033791448419	0.00544042856402652	1.79159283362867	0.0119787475065306	0.00609089244743959	1.79159283362867	0.0195016299860495	0.00952028065645407	1.79159283362867	0.021081934830089	0.00769200627335902	1.79159283362867	0.00679883039389775	0.00343379790301701	1.79159283362867	0.0141566642572277	0.00626249691916931	1.79159283362867	0.0169511129182865	0.00551220053291299	1.79159283362867	0.0149416014423744	0.00763917490775111	1.79159283362867	-0.00106957255975661	0.00596789588449484
1.8939924240303	0.00822565077436447	0.00616021806718855	1.8939924240303	0.0130491890704008	0.00609870328566716	1.8939924240303	0.0084613072065366	0.00507276969193623	1.8939924240303	0.0261512559893596	0.0080155438482474	1.8939924240303	0.0162661117984778	0.00421378278223465	1.8939924240303	0.014348700523229	0.0060772172494482	1.8939924240303	0.0105889576154151	0.00785430203951594	1.8939924240303	0.0140897662140041	0.00427377517423163	1.8939924240303	0.0203254371451396	0.00545054558183171	1.8939924240303	0.0162556417642408	0.00523331214755112
1.99639201443194	0.000196712225856362	0.00526504952648153	1.99639201443194	0.000170364279994082	0.00390574656193505	1.99639201443194	0.00976671487065931	0.00592443922706139	1.99639201443194	0.0190221631659554	0.00407088890198192	1.99639201443194	0.0185062315626204	0.006648684341404	1.99639201443194	0.0238657314822155	0.00486424493084931	1.99639201443194	-0.00250054885372066	0.0053248095621695	1.99639201443194	0.0235040991075234	0.0071989465783294	1.99639201443194	0.00392500732470954	0.00540722655653278	1.99639201443194	0.0135950322776545	0.00741297332934567
2.09879160483358	0.0132467926100091	0.00675874784419493	2.09879160483358	0.00550975908201314	0.00644487642207359	2.09879160483358	0.00290822858950819	0.00784145933170268	2.09879160483358	0.00942385567952328	0.00853618641981744	2.09879160483358	0.0103658574999565	0.00667580050336701	2.09879160483358	0.0136283180277606	0.00875332826540411	2.09879160483358	0.010119467398856	0.00807344618038301	2.09879160483358	-0.00371029261897266	0.00818958651588095	2.09879160483358	0.0159982355009921	0.0093049599953315	2.09879160483358	0.0158639833988234	0.00886444673290457
2.20119119523522	-0.00154151667191163	0.00659106460843212	2.20119119523522	0.0126240737093502	0.00509779492164215	2.20119119523522	0.0105998723452019	0.00581737942288219	2.20119119523522	0.0138996995231411	0.00522880163633941	2.20119119523522	0.0166475758333205	0.0076030415427345	2.20119119523522	0.00639802251922875	0.00733155872838767	2.20119119523522	0.00314640683601191	0.00886809269313023	2.20119119523522	0.00842910823513023	0.00590096966820714	2.20119119523522	0.00107728291237018	0.00669880103529568	2.20119119523522	0.0107727968148465	0.00671180337571486
2.30359078563686	-0.00379330889119959	0.00491565259080093	2.30359078563686	0.00512590940937039	0.00459963533221085	2.30359078563686	0.00648999772504323	0.00512003307820139	2.30359078563686	0.00717105282427571	0.00809472834288553	2.30359078563686	0.00320680436155349	0.00447470037921755	2.30359078563686	0.0139920553560943	0.00788122533579077	2.30359078563686	0.00298765883753616	0.00682957813220775	2.30359078563686	0.0177461425059585	0.00374151958467021	2.30359078563686	0.00483958442755647	0.00615988656813517	2.30359078563686	0.0138606319653562	0.00757860448043066
2.4059903760385	0.00965290866816128	0.00544039408373474	2.4059903760385	0.0116276412576096	0.00462672046864731	2.4059903760385	0.0128755784909206	0.00529545470876403	2.4059903760385	0.00846960467964456	0.005195369673874	2.4059903760385	0.00966268091635733	0.00620313248338839	2.4059903760385	0.0023227440419484	0.00524089174428835	2.4059903760385	0.0128618123785684	0.00720989757676895	2.4059903760385	-0.00115251916436203	0.0067804618058899	2.4059903760385	0.0120993390940351	0.00759387398863702	2.4059903760385	0.00980573345317082	0.00771233377308884
2.50838996644013	0.0181554011745854	0.00456264482989979	2.50838996644013	0.0112700647062439	0.00968564138605932	2.50838996644013	0.0188807471431126	0.00726000755660902	2.50838996644013	0.011745359842458	0.00722361858523401	2.50838996644013	0.0165250005204397	0.0067154335206618	2.50838996644013	0.0144428100135879	0.00931927331931636	2.50838996644013	0.0183692216457184	0.00922885203056058	2.50838996644013	0.0112826820599163	0.00744566181640746	2.50838996644013	-0.00386129416855402	0.00880000549645675	2.50838996644013	-0.00345984200660507	0.00821835444696027
2.61078955684177	0.00483481064579408	0.00650868912572904	2.61078955684177	0.0167182753066918	0.00430479267901102	2.61078955684177	0.0246389724275023	0.00652456449323855	2.61078955684177	0.00535271170069879	0.00652281297910914	2.61078955684177	0.00488843151580851	0.00360976866622041	2.61078955684177	0.0106246256354263	0.00762475440208428	2.61078955684177	0.00594159267142297	0.00701760982317308	2.61078955684177	0.00164316901004502	0.00717395887435737	2.61078955684177	0.00386179643667048	0.00485180263233825	2.61078955684177	0.00845847342046561	0.00803163205906076
2.71318914724341	0.0133903569868834	0.00477807737166265	2.71318914724341	0.0110242718939696	0.0037687227008747	2.71318914724341	0.00468919765199862	0.00648769242915675	2.71318914724341	0.00225213835715905	0.00926700511391174	2.71318914724341	-0.00835422902132909	0.00788109946481374	2.71318914724341	0.015450881959628	0.00570175341072049	2.71318914724341	0.0105454272901751	0.00500794782838803	2.71318914724341	0.0195390741539909	0.00622909426500469	2.71318914724341	-0.000114812581949255	0.00465046812402548	2.71318914724341	-0.000213679663683451	0.0063197741473881
2.81558873764505	0.0180169973550486	0.00541712341264653	2.81558873764505	-0.00272114946927502	0.00413958215608686	2.81558873764505	0.0124770709952882	0.00703273475686419	2.81558873764505	0.00893397717754795	0.00622823488297941	2.81558873764505	0.0246849158176935	0.00442350645253948	2.81558873764505	0.00189198101542973	0.00725906102865444	2.81558873764505	0.0170801395183727	0.00750156886564095	2.81558873764505	0.00630104147200175	0.00375634412468467	2.81558873764505	0.00205171888287624	0.00898850641077494	2.81558873764505	0.00982241707861061	0.0100065509548171
2.91798832804669	0.00867586578308481	0.00523397888434236	2.91798832804669	-0.00258493726971163	0.00594764950676584	2.91798832804669	0.0094443811113028	0.00525614443511313	2.91798832804669	0.0202326177276769	0.00379765355618361	2.91798832804669	0.0189913315302266	0.00382795771377789	2.91798832804669	0.00884459587140569	0.00543289023421491	2.91798832804669	0.00169896979303719	0.00723436885988913	2.91798832804669	0.00284180640441139	0.00848735470180541	2.91798832804669	0.0046520276733104	0.00949421504059433	2.91798832804669	0.00448400788981526	0.00631728587944449
3.02038791844833	0.013907423904692	0.00503353108346394	3.02038791844833	-0.00764719328674189	0.00727426149611323	3.02038791844833	0.00419404663873795	0.00524861241252547	3.02038791844833	-0.0039971818086055	0.00492460009229118	3.02038791844833	-0.00194315900364655	0.0059167081419954	3.02038791844833	0.00273852161806846	0.0073601012649646	3.02038791844833	0.00589142212251794	0.0071444034833841	3.02038791844833	0.00498292182515149	0.00381554797248964	3.02038791844833	-0.000929126231821014	0.0057274441681821	3.02038791844833	0.00716829947747267	0.00409553797487335
3.12278750884996	0.00488276324766822	0.00603872094192055	3.12278750884996	0.0115991962229397	0.00409174927065947	3.12278750884996	0.00301663064795579	0.00555014075919141	3.12278750884996	0.0110662915696037	0.00620492697349506	3.12278750884996	0.0118185094987354	0.0103444705840804	3.12278750884996	0.00870729011379791	0.00622644654913444	3.12278750884996	0.00738426031923295	0.00504270441215454	3.12278750884996	0.00919037487830539	0.00459314264542162	3.12278750884996	0.00202414176374799	0.00514689328065744	3.12278750884996	0.00690128121621621	0.00668722431401192
3.2251870992516	-0.00326708952108751	0.00685478579194678	3.2251870992516	0.00418752966568088	0.00321886818886022	3.2251870992516	0.000849051716146863	0.00530701744287454	3.2251870992516	0.00828300219516314	0.00779588927717972	3.2251870992516	0.0106692016332785	0.00900054290553398	3.2251870992516	0.00911924051046932	0.00594615452378031	3.2251870992516	-0.00307066637922393	0.00610555337517384	3.2251870992516	0.0099102105859627	0.00665030680383014	3.2251870992516	0.00761129990404467	0.00659414250246303	3.2251870992516	0.00126127093492793	0.00677012252681072
3.37878648485406	0.00993994764297321	0.00395398636164613	3.37878648485406	-0.00302250489022155	0.00510933424143099	3.37878648485406	0.00764682707118547	0.00393676319812287	3.37878648485406	0.00269466271610507	0.0049102890993321	3.37878648485406	0.00321486477543085	0.00456154775410971	3.37878648485406	-0.00514320643566528	0.00415765344513872	3.37878648485406	0.0127990040181366	0.00768147464767648	3.37878648485406	0.0154196177117164	0.00477829502034918	3.37878648485406	0.0124242133830277	0.00448561993585641	3.37878648485406	0.00940326847998044	0.00349780136870645
3.58358566565734	-0.00696246099127512	0.00405012865565066	3.58358566565734	0.00276789213304931	0.00289101944422485	3.58358566565734	0.010579904343905	0.00502513351820093	3.58358566565734	0.000548037539304181	0.00673339188667761	3.58358566565734	0.0112960829205263	0.00519898008971923	3.58358566565734	0.00235408582693126	0.00523509284607392	3.58358566565734	0.000523741082255063	0.00610899720845124	3.58358566565734	0.00434387582716485	0.00650708703561313	3.58358566565734	0.00715784165182868	0.00602319214708819	3.58358566565734	0.0125009694243852	0.00474219934900907
3.78838484646061	-0.001025457241969	0.00292595674012356	3.78838484646061	0.00967963482270857	0.00437614654603523	3.78838484646061	0.000780840219698288	0.0037852595400658	3.78838484646061	0.00130395847687636	0.00599388271015657	3.78838484646061	-0.000266708849791933	0.00383393147663177	3.78838484646061	0.00330101507867347	0.0036149424829901	3.78838484646061	0.0060079417075101	0.00701127591941512	3.78838484646061	0.00108109990646219	0.00326634868566049	3.78838484646061	0.000572182528117625	0.00334822328962621	3.78838484646061	0.00496065888127599	0.00666800872397972
3.99318402726389	0.00139939508526848	0.00479242199819885	3.99318402726389	0.000790290195700804	0.00379076076818458	3.99318402726389	0.00899785564414537	0.00698507040293719	3.99318402726389	0.00595276432712059	0.00517795350138722	3.99318402726389	0.00874219403306653	0.00398421742382297	3.99318402726389	-0.00552575295150592	0.00607997222129342	3.99318402726389	-0.000530882448731937	0.00506194284524114	3.99318402726389	0.0102366393325113	0.00558710754676283	3.99318402726389	0.00290469764986631	0.00573427392257382	3.99318402726389	0.0127360469026	0.00533291035845867
4.19798320806717	0.00302468463286271	0.00293981684637274	4.19798320806717	0.00552247625678536	0.00576969716319764	4.19798320806717	0.00994286871495	0.00558853664594364	4.19798320806717	0.00234495295709758	0.00362229073639419	4.19798320806717	-0.00840128219136148	0.0066425584028663	4.19798320806717	0.00520031194503126	0.00536417047054977	4.19798320806717	0.00871329226179861	0.00729651263757901	4.19798320806717	-0.00226659788053361	0.00393181541283374	4.19798320806717	0.00183013440805121	0.00513517909724123	4.19798320806717	-0.00109312339772279	0.00474705791129535
4.40278238887044	0.00883917450814453	0.00372134372429667	4.40278238887044	0.0043606963320002	0.00385082349113348	4.40278238887044	0.0092112196995793	0.00601281379052958	4.40278238887044	0.00613406429678713	0.00536519179632085	4.40278238887044	0.00750709096191772	0.0058615441946397	4.40278238887044	0.0120326578345218	0.00413484540321292	4.40278238887044	0.00191960948985836	0.00360028353046913	4.40278238887044	0.0146479961811351	0.00426315731061329	4.40278238887044	0.00912775479754134	0.00452514284141569	4.40278238887044	0.00700386177893481	0.00594388999760675
4.60758156967372	0.00529142507447516	0.00505332039293976	4.60758156967372	-0.000306063551602052	0.0048557231752181	4.60758156967372	-0.000448119207999848	0.00382884331563919	4.60758156967372	0.00214074461850585	0.00336499404202279	4.60758156967372	0.00479633783004546	0.00518089950579089	4.60758156967372	0.00190761342982212	0.00706858725826273	4.60758156967372	0.00540606207902071	0.00502600729909317	4.60758156967372	0.0126214330331143	0.00576829606345651	4.60758156967372	0.0105565367263406	0.00738289538592371	4.60758156967372	0.0103632544462358	0.00736440912952757
4.812380750477	0.00337019459446346	0.00508873372117369	4.812380750477	0.00408451803213046	0.00399718948601004	4.812380750477	0.00983043641565384	0.0042244764424425	4.812380750477	0.00726669035007358	0.00262120307760627	4.812380750477	0.0148730832322971	0.00467215305686161	4.812380750477	-0.00448508997442352	0.00347393050190183	4.812380750477	0.000579889149178706	0.0068572601975199	4.812380750477	0.0069563009396154	0.00431557211296078	4.812380750477	0.00408501561842548	0.00355072237885265	4.812380750477	-0.00202522588004795	0.0031624255198319
5.01717993128028	0.00438165408134119	0.00580449443293361	5.01717993128028	0.00445796410327841	0.00381103930546072	5.01717993128028	0.00415446687413233	0.00362808697003369	5.01717993128028	0.00646574486291778	0.00534763915100067	5.01717993128028	-0.000925959814506932	0.00538544640808522	5.01717993128028	0.00427537458195247	0.00599176658458616	5.01717993128028	0.00238188946573123	0.00675485838768798	5.01717993128028	0.00813353334641632	0.00774383403277539	5.01717993128028	-0.000752420742578893	0.00540472654011126	5.01717993128028	0.000356474470862274	0.00884855698366654
5.22197911208355	0.00477241647370122	0.00473629801963159	5.22197911208355	0.00337716265104265	0.00381405788987994	5.22197911208355	0.0023652646704512	0.00611444752149808	5.22197911208355	-0.00453085739099534	0.00580948793735831	5.22197911208355	0.003746892310653	0.00473777194080696	5.22197911208355	0.00556705622386672	0.00464102324652979	5.22197911208355	0.00825879349318064	0.00578486725990213	5.22197911208355	0.00861416931556848	0.00436886616250112	5.22197911208355	0.00340859192012009	0.00457877846703417	5.22197911208355	0.00149569529126349	0.00542466619770153
5.42677829288683	0.00251564048582921	0.00338557616197015	5.42677829288683	0.00931256499196738	0.00503680877990977	5.42677829288683	0.0012530441103089	0.00412889758623681	5.42677829288683	0.00629661574060446	0.00761018242409193	5.42677829288683	0.00869899028189892	0.00552297448522666	5.42677829288683	-0.000503575292793672	0.00472436762301182	5.42677829288683	0.00140088604191417	0.00596556531530318	5.42677829288683	0.00513328914808935	0.00626317477068312	5.42677829288683	0.00835654842550473	0.00638727500997844	5.42677829288683	0.0141132719004685	0.00418034645871798
5.6315774736901	-0.00192789111357759	0.00392767002008822	5.6315774736901	0.00385463884744521	0.00462540124158697	5.6315774736901	0.0072145435780276	0.0065651446518645	5.6315774736901	0.0102425354550381	0.00529747896638132	5.6315774736901	-0.00462825521745432	0.00483473647481891	5.6315774736901	0.00386322582021699	0.00390740266091758	5.6315774736901	-0.00288764314128932	0.00500697634696226	5.6315774736901	0.00433839832063429	0.00725746576589729	5.6315774736901	0.00739145450781509	0.00449406550655539	5.6315774736901	-0.00749566482749526	0.00474238768402541
5.83637665449338	-0.00426936186367629	0.00314704571204151	5.83637665449338	-0.000296186077314174	0.0043669521785836	5.83637665449338	0.00511802479996273	0.0024785047010928	5.83637665449338	0.00758877999686824	0.00472890558363418	5.83637665449338	-0.00260082863143561	0.00539876390417247	5.83637665449338	-0.00596166552476344	0.00463290579882767	5.83637665449338	0.00628776352636945	0.00499382154695423	5.83637665449338	-0.00106368891523231	0.00551608453231787	5.83637665449338	0.00104881519028957	0.00363547167960713	5.83637665449338	-0.00761537987171173	0.00531905348529965
6.04117583529666	-0.00294013673420601	0.00473492451606554	6.04117583529666	2.02200431993432E-5	0.00472616093045997	6.04117583529666	0.00807444547113377	0.00365923309424611	6.04117583529666	0.00207517625273253	0.00527874566640162	6.04117583529666	0.000123138147068002	0.00443971049719919	6.04117583529666	0.00333622646121227	0.00913226513290025	6.04117583529666	0.00816079909585142	0.00439501942100521	6.04117583529666	0.00831766721257927	0.00571317605242971	6.04117583529666	0.00808419693016973	0.00416581762467007	6.04117583529666	-0.00802279950411705	0.00418826514328797
6.24597501609993	-0.00615555768086448	0.00398186678017752	6.24597501609993	6.04626993802205E-5	0.00651016018608531	6.24597501609993	0.00765050530126667	0.00538076550905344	6.24597501609993	0.00700562259879499	0.00586398834449137	6.24597501609993	0.00988959253201577	0.00412755710021587	6.24597501609993	0.0117245578738024	0.00449361243992528	6.24597501609993	0.000892133294156737	0.00387188189328234	6.24597501609993	-0.00142278351677497	0.00683011324925822	6.24597501609993	0.00464782223788046	0.00551091179708159	6.24597501609993	0.00455596732944121	0.0069438145577897
6.45077419690321	-0.00614760102317737	0.00602174413616714	6.45077419690321	0.00688504861768632	0.00206537387379834	6.45077419690321	0.0140477191338375	0.0040352596584823	6.45077419690321	0.0031690358354611	0.00342615804898842	6.45077419690321	0.00969007416380294	0.0074015353117656	6.45077419690321	-0.00325790832836086	0.00669136336067417	6.45077419690321	0.000630401456759014	0.00331443539981374	6.45077419690321	0.00125495827097643	0.00520512488926796	6.45077419690321	0.00331118914270645	0.00356973513923855	6.45077419690321	0.013028944979112	0.0043238730693445
6.75797296810813	-0.000868281321370704	0.00369453373530214	6.75797296810813	0.00965050459999825	0.00208708969345675	6.75797296810813	0.000242110446919064	0.00447845458265228	6.75797296810813	0.00863508454667817	0.00384464205310145	6.75797296810813	0.00376448700602573	0.00288837355772573	6.75797296810813	0.00315096233517189	0.00343529886077895	6.75797296810813	0.0035293374429462	0.0026356630450167	6.75797296810813	-0.00323842074956837	0.0048395266865101	6.75797296810813	0.000836892854671887	0.00183959128123342	6.75797296810813	0.000629578960979853	0.00442090327626146
7.16757132971468	-0.00614546367703858	0.00309128566257804	7.16757132971468	0.00224565475138901	0.00369539046431445	7.16757132971468	0.00333712596900987	0.00434380624503414	7.16757132971468	0.00263140110277024	0.00478705588828779	7.16757132971468	0.00567688149699466	0.00438467068595962	7.16757132971468	0.00529178409675765	0.00457467217321034	7.16757132971468	-0.00463891297890311	0.00360593066364992	7.16757132971468	0.00164357471300502	0.00400593650690958	7.16757132971468	-0.00662861568415569	0.00409918448545125	7.16757132971468	0.011501801515052	0.00498230796437427
7.57716969132123	0.00757101546766676	0.00330965403126419	7.57716969132123	0.0077465153609452	0.00361746794755654	7.57716969132123	0.00137622266890262	0.00279095624366393	7.57716969132123	0.00175029780590841	0.00297178603276696	7.57716969132123	0.00734901388300732	0.00333486976181025	7.57716969132123	0.00447991761319569	0.00315750278936916	7.57716969132123	0.00356211926718523	0.00399343077488997	7.57716969132123	-0.0059360197879023	0.00441603809540104	7.57716969132123	0.00127142564443146	0.00383525540989485	7.57716969132123	0.00103181055184159	0.00376620222675409
7.98676805292779	0.00143336884435768	0.00273701255560034	7.98676805292779	0.00566810956972488	0.00332537715533236	7.98676805292779	-0.00159254810553872	0.00342244454372202	7.98676805292779	0.000416708301095101	0.00472386583792623	7.98676805292779	0.00160588718139111	0.00530623159510732	7.98676805292779	0.00667331727949091	0.0033445394798144	7.98676805292779	0.0115650362670589	0.0026934660866044	7.98676805292779	-0.000743030210727343	0.00438074706367781	7.98676805292779	9.92706309835927E-5	0.00380600212145493	7.98676805292779	0.00122018975905626	0.00371924517719589
8.39636641453434	0.00169578838416931	0.00194984902537664	8.39636641453434	-0.00523509026544969	0.00420724188002759	8.39636641453434	0.00837763448551239	0.00419067133634672	8.39636641453434	0.00634609691305382	0.00328042726134814	8.39636641453434	0.00166869817784148	0.00182761787131105	8.39636641453434	-0.000180953213491406	0.00497101960209499	8.39636641453434	0.00420673319695308	0.00406126699572125	8.39636641453434	-0.00214627146260823	0.00382527993494047	8.39636641453434	-0.00144592373872833	0.00383336217511759	8.39636641453434	-0.00558039578045327	0.00502422645718854
8.80596477614089	0.00225322056732694	0.00219347738351723	8.80596477614089	0.00416070711847151	0.00374542688388038	8.80596477614089	0.000453047712933154	0.00354275447068957	8.80596477614089	0.000375686518486123	0.00370849164737325	8.80596477614089	-0.00111115842665505	0.00351043743921626	8.80596477614089	0.00372734531392428	0.00439250782811825	8.80596477614089	0.00159342082213171	0.00374744432341848	8.80596477614089	0.00972474440979751	0.00357745718979832	8.80596477614089	0.00381257748240572	0.00546762873470659	8.80596477614089	-0.00151499813250191	0.00390411562241549
9.21556313774745	-0.0020257977480322	0.00394754394508895	9.21556313774745	-0.00162881425357175	0.0033848602276879	9.21556313774745	0.00205965743267315	0.00357017958708361	9.21556313774745	0.0115472063494302	0.00369742276581351	9.21556313774745	-0.00022636696426579	0.00414750447209293	9.21556313774745	0.00155328962627385	0.00298485910721155	9.21556313774745	0.00258813040700452	0.00460298925281031	9.21556313774745	0.00282933647970216	0.00351442384045653	9.21556313774745	0.00792626973249307	0.00400331414784936	9.21556313774745	-0.00417414216203589	0.00309514759421115
9.625161499354	0.00707550786621044	0.0039901308743655	9.625161499354	0.00548093979538372	0.00353369000118686	9.625161499354	0.00359287571742211	0.00416390894341344	9.625161499354	-0.00161036744741085	0.00504785170732753	9.625161499354	0.00540548440048554	0.00227877659834118	9.625161499354	0.00557063723363954	0.00470713187112738	9.625161499354	0.0122663977050715	0.00365821405656451	9.625161499354	0.00185097545906577	0.00528371897760587	9.625161499354	0.00691077245576058	0.0031473379595416	9.625161499354	0.00361124027385381	0.00260521837139906
10.0347598609606	0.00734769760230221	0.00280527404855357	10.0347598609606	0.000791287280015936	0.00336987731370416	10.0347598609606	-0.00614781783273621	0.00359045018937278	10.0347598609606	-0.00179511145237941	0.00288554156151902	10.0347598609606	0.00618908904461538	0.00279322600560168	10.0347598609606	0.00280979817458508	0.00569742648696329	10.0347598609606	0.00225192280997662	0.00425880694692898	10.0347598609606	0.00168088390117362	0.00377437755539423	10.0347598609606	-0.00183819668466674	0.00542590955033008	10.0347598609606	-0.00299360866865317	0.00506486584941226
10.4443582225671	0.000108176718789117	0.00237852097724665	10.4443582225671	0.00376535503767636	0.00258716841121584	10.4443582225671	-0.00139338008671675	0.00341564471803396	10.4443582225671	0.00672351106064493	0.00458275186114944	10.4443582225671	7.52008008180281E-6	0.00384445775300974	10.4443582225671	0.00187438334374602	0.00138154188699635	10.4443582225671	0.00907242908957756	0.0053475784578964	10.4443582225671	-0.00901396425786906	0.00376465932738784	10.4443582225671	0.00448380665400114	0.00444068443305512	10.4443582225671	0.00391863328807398	0.00643207925651867
10.8539565841737	0.00305152785372484	0.00236998375758565	10.8539565841737	-5.08025874032047E-5	0.00403384314051682	10.8539565841737	0.00202080542296802	0.00380725703464704	10.8539565841737	0.0084992434026605	0.00291522391955125	10.8539565841737	-0.00160547859550573	0.00459485596443172	10.8539565841737	0.0075674094520661	0.00173407169937299	10.8539565841737	0.00268121940087035	0.00400022028847993	10.8539565841737	-0.00510665951155083	0.00540249036517728	10.8539565841737	0.000347810795653337	0.00395061235020477	10.8539565841737	-0.00622084686448602	0.00367876649925638
11.2635549457802	-0.00195849391342646	0.00256260225051472	11.2635549457802	0.00210402959061398	0.00259033304248999	11.2635549457802	-0.00371066340459988	0.00269295269516017	11.2635549457802	-0.00164619250514023	0.00367243607763492	11.2635549457802	-0.0028461611892105	0.00394990223327361	11.2635549457802	0.00498907378272608	0.0038058351277236	11.2635549457802	0.00553432613333327	0.00423939527223652	11.2635549457802	0.00286536967198614	0.00364241900515239	11.2635549457802	-0.00491043056750498	0.0041311931694973	11.2635549457802	0.00416014686006248	0.00360547947821702
11.6731533073868	0.000591934333970034	0.00375457068713186	11.6731533073868	-0.00984657717156443	0.00561206095716665	11.6731533073868	-0.00341846536477827	0.00403972906914411	11.6731533073868	0.00414970641502853	0.00153518028190738	11.6731533073868	0.0122897571138501	0.00383753983733224	11.6731533073868	-0.00539641816896083	0.0031663862616518	11.6731533073868	-0.00297832060292282	0.00464920538688902	11.6731533073868	0.00374852038779917	0.0037487795122723	11.6731533073868	0.000900385498719389	0.00434029505529417	11.6731533073868	0.00303240408914269	0.00313878496279379
12.0827516689933	0.00395641573675585	0.00422705882151445	12.0827516689933	0.00418300271250333	0.00290677574920449	12.0827516689933	-0.00102007952183822	0.00276978141651757	12.0827516689933	0.0108140986967093	0.00375944083972675	12.0827516689933	0.00524551603890996	0.00464799028272573	12.0827516689933	-0.00434068930126514	0.0031767576590737	12.0827516689933	0.00127412356217127	0.00369385321661594	12.0827516689933	-0.00926054734155513	0.00403365476613955	12.0827516689933	-0.00347919781066297	0.00364133056536125	12.0827516689933	-0.00242861755169778	0.00263545569383258
12.4923500305999	0.00186291096950183	0.0040254909719468	12.4923500305999	-0.0111836493192707	0.00440202052778265	12.4923500305999	-0.00500076566225744	0.00353873133881364	12.4923500305999	-0.00205329553305091	0.00283133418078092	12.4923500305999	0.0131562008142333	0.00165672611642978	12.4923500305999	0.00112395408715385	0.00519545113600631	12.4923500305999	-0.00320246799269925	0.00577363723212937	12.4923500305999	-0.00160620023870129	0.00214328901566616	12.4923500305999	0.00258224264529129	0.00269490837261564	12.4923500305999	0.00875734260270647	0.00453693450972317
12.9019483922064	0.00280812414928197	0.00270428368882583	12.9019483922064	-0.00594023383490431	0.00342723761089524	12.9019483922064	-0.00221442730077481	0.0046951278906639	12.9019483922064	0.00208290519932209	0.00365815227497759	12.9019483922064	0.0014590072237037	0.0027249149846729	12.9019483922064	-0.00431678159319878	0.00360927572672278	12.9019483922064	-0.00208761320428528	0.00378741744157406	12.9019483922064	-0.00388862708213766	0.00336513046496924	12.9019483922064	0.00601097694568713	0.00499974868548684	12.9019483922064	0.00139657960620802	0.00599851425359442
13.5163459346163	0.000814004617886244	0.00408458613953899	13.5163459346163	-0.00285459477833803	0.00185056837951881	13.5163459346163	-0.00126419638030135	0.00448878860080148	13.5163459346163	-0.00533810361721297	0.00228345060683215	13.5163459346163	0.00299704528972291	0.00237029852725008	13.5163459346163	0.00165641505991255	0.00315505155152338	13.5163459346163	0.00781948330247684	0.00348914862188294	13.5163459346163	-0.00302936336509171	0.00262403910573516	13.5163459346163	-0.00111858505996254	0.00325305193237555	13.5163459346163	-0.00225409015719808	0.00237982023272349
14.3355426578294	-0.000528830363127374	0.00234054581000541	14.3355426578294	-0.00283638388248373	0.00182920560253505	14.3355426578294	-0.00215552589827481	0.00286957635799565	14.3355426578294	0.000615071279561489	0.0027360308551766	14.3355426578294	0.00250131397568996	0.00187682313272237	14.3355426578294	-0.0017579056673582	0.00432338882027422	14.3355426578294	-0.000750722880199368	0.00280395999431883	14.3355426578294	-0.00469323782881608	0.00402478676161764	14.3355426578294	0.000395147072192072	0.00230169913142295	14.3355426578294	2.73602473452954E-5	0.00213180826827839
15.1547393810425	-0.000910032347136743	0.0021412698940487	15.1547393810425	0.00178408818827254	0.00222035465479149	15.1547393810425	0.00386719450152839	0.00294834742858604	15.1547393810425	0.000161075071805041	0.00215841342158065	15.1547393810425	-0.00252514903910419	0.0026489735919204	15.1547393810425	0.00215856747224235	0.00250741137173097	15.1547393810425	0.00481787907476773	0.00249690849916351	15.1547393810425	-0.00189463082830166	0.00366797361153516	15.1547393810425	0.0046269661874221	0.00297411939735883	15.1547393810425	0.000113088923869175	0.00419495943447572
15.9739361042556	0.0015564520238075	0.00303816082704424	15.9739361042556	0.00371696132393609	0.00277991018447666	15.9739361042556	-0.00169655524570064	0.00167707749045321	15.9739361042556	-0.00245762259530752	0.00234529493414986	15.9739361042556	-0.00333261978438055	0.00312527153254441	15.9739361042556	0.00289837052826088	0.0025782023406989	15.9739361042556	0.00401636874576935	0.0020235063616105	15.9739361042556	-0.00324884904497818	0.00235860865011055	15.9739361042556	-0.00413594781440642	0.00336208101924214	15.9739361042556	0.000729551539606091	0.00355108392318351
16.7931328274687	0.000472385049017685	0.00328310455159896	16.7931328274687	-0.000998103955466162	0.00205072191006979	16.7931328274687	0.00269288923535532	0.00202111118188207	16.7931328274687	0.00366979125995337	0.00345362745205704	16.7931328274687	-0.00514305636724416	0.00245383921348492	16.7931328274687	-0.00284543617299754	0.00359063553154811	16.7931328274687	0.000793030728786146	0.00229028261242042	16.7931328274687	8.03435120158633E-5	0.00371873426942005	16.7931328274687	0.00252460837303662	0.00320582185403482	16.7931328274687	0.00375360014999565	0.00273324496678833
17.6123295506818	0.00380200073824341	0.00217064224446922	17.6123295506818	0.00920143919088406	0.00156688789592709	17.6123295506818	-0.00178852613556	0.0020953570823186	17.6123295506818	0.00387343077488815	0.00191847257595933	17.6123295506818	0.00377579213765222	0.00161918739297893	17.6123295506818	0.00297607234653239	0.00224954519448729	17.6123295506818	0.00423963382343808	0.00308606904613062	17.6123295506818	-0.00125618873442586	0.00345497991707342	17.6123295506818	0.00519913501253074	0.00241206355995236	17.6123295506818	-0.0014667377675818	0.0019006934511242
18.4315262738949	-0.000316908403274089	0.00284891254425478	18.4315262738949	0.00654584207794776	0.00255763275361994	18.4315262738949	-0.00062561466855191	0.00312586893775468	18.4315262738949	0.000925290944560434	0.00289039411498661	18.4315262738949	0.00187569419989418	0.00280949530068244	18.4315262738949	0.000889827631745279	0.00199711996638361	18.4315262738949	0.00612716215283505	0.00325559477163592	18.4315262738949	-0.000128959620464134	0.00365336358027964	18.4315262738949	0.00251099695437507	0.0021882419916992	18.4315262738949	0.000138034007885057	0.00259423855924461
19.250722997108	-0.00140299012862541	0.00177477806379957	19.250722997108	0.00544958360402114	0.00214132948335944	19.250722997108	0.00593990272322542	0.00225425263747054	19.250722997108	-0.00163307377531895	0.00332527473308653	19.250722997108	-0.00621948986132603	0.00270599693860411	19.250722997108	0.00410002291073844	0.00232460408966513	19.250722997108	0.00454043446213169	0.00391524779253901	19.250722997108	0.00113001412860077	0.0021118590909321	19.250722997108	-2.2747080356952E-6	0.00217711707721087	19.250722997108	-0.00306370127354922	0.00284931272576904
20.0699197203211	-0.000606345614215062	0.00213470439414805	20.0699197203211	0.00257735618339066	0.00292122189326937	20.0699197203211	0.00104170298760178	0.00240724392506942	20.0699197203211	-0.00285757850325623	0.00283007322994247	20.0699197203211	-0.00126609103450496	0.0041221922097342	20.0699197203211	0.002761390584656	0.00280664347032077	20.0699197203211	-0.00052014304004534	0.00332634894059172	20.0699197203211	0.00138644513847461	0.00296529451157546	20.0699197203211	-0.00100503325237054	0.00333018548735726	20.0699197203211	0.000608151834014351	0.00294480758037082
20.8891164435342	-0.00229804099117846	0.0037819613650711	20.8891164435342	0.00475527942440847	0.00340226282161863	20.8891164435342	-0.000918703458928885	0.00373079366146736	20.8891164435342	-0.00391604475262632	0.0026292259740792	20.8891164435342	0.00134148786619786	0.00263881647626128	20.8891164435342	0.00339168545062536	0.00243246315415629	20.8891164435342	0.000579536661079966	0.00375177969707395	20.8891164435342	-0.00180503232785488	0.00489808818840029	20.8891164435342	0.000621535519199714	0.00192404133657604	20.8891164435342	0.00679940894281937	0.00257027101022126
21.7083131667473	0.00121679115118501	0.00319768170367002	21.7083131667473	0.00344690839130927	0.00329922532027168	21.7083131667473	-0.00233371518984756	0.00316159294869188	21.7083131667473	0.00095695231697405	0.00396814670832862	21.7083131667473	-0.000129934445366222	0.00324138693782902	21.7083131667473	-0.00136529008814023	0.00229398944611751	21.7083131667473	-0.00175288373645732	0.00347307191384495	21.7083131667473	-0.00144542711726833	0.00259235208791242	21.7083131667473	0.000736849086216128	0.00327987806508721	21.7083131667473	0.00203911682979681	0.00366632377913911
22.5275098899604	0.00235263797476718	0.00231191179314619	22.5275098899604	0.000639598737915009	0.00221970308264831	22.5275098899604	0.00196450096851928	0.00153450923728267	22.5275098899604	-0.00187998020132811	0.00288963441150376	22.5275098899604	0.000121042320431624	0.00325657866705417	22.5275098899604	-0.000752967802091722	0.00411100011120616	22.5275098899604	-0.00167486105587675	0.00282888252763538	22.5275098899604	0.00684805612344148	0.00378812694597902	22.5275098899604	0.00375986508687838	0.001700527638841	22.5275098899604	-0.000381419581191101	0.00248146027045018
23.3467066131735	0.00118708999196418	0.00209323955985345	23.3467066131735	0.00100171036922214	0.00301435944090965	23.3467066131735	-0.00267565528282158	0.00319281136299466	23.3467066131735	-0.00417415152973941	0.00202363997202072	23.3467066131735	-0.00350107524512444	0.00351582192988257	23.3467066131735	-0.00354322099748892	0.00264277698638176	23.3467066131735	-0.00408284225467538	0.00289339477413977	23.3467066131735	-0.000532114168637188	0.00184322075518228	23.3467066131735	0.00302309724064766	0.00345376612855097	23.3467066131735	0.00318238393597155	0.00253034986357438
24.1659033363867	-0.000339480201753448	0.00306040139928793	24.1659033363867	0.00545279176338058	0.00289665045266756	24.1659033363867	0.0015037406364811	0.00251310087881746	24.1659033363867	0.0017350566380674	0.00171436599341868	24.1659033363867	0.000236776226653426	0.00259425404274978	24.1659033363867	-0.000485209580982139	0.00223469446730494	24.1659033363867	-0.00225312335636904	0.00395684462525681	24.1659033363867	-0.00124686092585507	0.00210151136797505	24.1659033363867	-0.000391348443633165	0.00334951438599613	24.1659033363867	0.00120055858720445	0.00353694191290163
24.9851000595998	0.000122616774210661	0.00208474421919983	24.9851000595998	0.00649235365126121	0.00213892195597227	24.9851000595998	-0.00969734763190251	0.00285148431100569	24.9851000595998	0.00563376274164273	0.00311208157972487	24.9851000595998	-0.000924124988060899	0.00330900911172132	24.9851000595998	0.00335573781178507	0.00358593120782134	24.9851000595998	0.000379912389051645	0.00226874711264353	24.9851000595998	0.00132755889774817	0.0035534624690437	24.9851000595998	0.000471231816114859	0.00237801431310182	24.9851000595998	0.00238095868995333	0.00370343076303053
25.8042967828129	0.00619607327229844	0.00383148413670177	25.8042967828129	0.000734978137247272	0.00244308476066469	25.8042967828129	0.000113827317981692	0.00304422808889148	25.8042967828129	-0.00530238041592429	0.00288373449813487	25.8042967828129	-0.004418517436674	0.00373274147434086	25.8042967828129	0.00234926854476534	0.00380695179921312	25.8042967828129	0.00219692170920502	0.00283935957886912	25.8042967828129	-0.00531239567340746	0.00347093818219877	25.8042967828129	-0.00417729403976815	0.00316789158477589	25.8042967828129	-0.00678573239825299	0.00384886754596012
27.0330918676325	0.00066423658464964	0.00196266278161022	27.0330918676325	0.00200892905557778	0.00180285106989526	27.0330918676325	-0.00205939672147928	0.00201506116962106	27.0330918676325	0.000859044727947576	0.00212465406389715	27.0330918676325	0.00289221411309947	0.00167699064019818	27.0330918676325	0.000646078908569003	0.00301113242281828	27.0330918676325	-0.00112627272033664	0.00234934146647784	27.0330918676325	-0.00264530664766735	0.00226592184549563	27.0330918676325	-0.00275748344982004	0.00216713070321307	27.0330918676325	-0.00189422855483624	0.00197453186503567
28.6714853140587	-0.000402219597340599	0.00092266778447782	28.6714853140587	-0.00216817478893445	0.00212614755909226	28.6714853140587	0.00403526568240702	0.00209353207287779	28.6714853140587	0.000955459516593731	0.00334309487413483	28.6714853140587	-0.0026983659790652	0.00193374580669396	28.6714853140587	0.00275762964440609	0.00305924330792858	28.6714853140587	-0.000674747462611895	0.00238552529089881	28.6714853140587	-0.00162679409315606	0.0010275623851989	28.6714853140587	-0.00571788556399418	0.00215278957587439	28.6714853140587	0.00242460675162327	0.00206626276872817
30.309878760485	0.00351184639587972	0.00216562033974919	30.309878760485	-0.00213751411220467	0.00210669737468471	30.309878760485	-0.00366349670276397	0.00206690498935402	30.309878760485	0.000711511942371769	0.00259807679818964	30.309878760485	0.00543204906062999	0.00314443767380622	30.309878760485	-0.00211728769882013	0.0024403296168457	30.309878760485	0.000393671585150687	0.00197237616471391	30.309878760485	-0.00276922616612486	0.00216873260784405	30.309878760485	0.000198889756725064	0.00210707770785709	30.309878760485	0.000215737053342748	0.00313641247090113
31.9482722069112	-0.00167242725042053	0.00141451703364541	31.9482722069112	-0.00135801861708744	0.00161238891410205	31.9482722069112	-0.00435018837086785	0.00156232859867031	31.9482722069112	-0.00229865609098959	0.00208838721260178	31.9482722069112	0.00142593665417397	0.0032654158552821	31.9482722069112	0.00118660208823792	0.00245441320330124	31.9482722069112	0.00201464792606878	0.00249380327801393	31.9482722069112	0.00400121725951857	0.00244363265667303	31.9482722069112	-0.00166534349582405	0.00387588599005753	31.9482722069112	-0.00189973785454935	0.00275713973441798
33.5866656533374	-0.000696264053682451	0.00183432532998662	33.5866656533374	-0.000951625029231187	0.00190587200117234	33.5866656533374	-0.00322405598828657	0.00275762299387553	33.5866656533374	-0.00426742534864475	0.00157170905004756	33.5866656533374	-0.00189880701580095	0.00255055295689491	33.5866656533374	0.00128395266693892	0.0021586731710911	33.5866656533374	-0.00247337615122143	0.00211418249647181	33.5866656533374	-0.000719722586541062	0.00205886089252014	33.5866656533374	-0.000302428281643769	0.00332573482051678	33.5866656533374	-0.0030845771475891	0.00240678187322303
35.2250590997636	0.00299406033197028	0.00128106550249596	35.2250590997636	-0.00162113325420983	0.00190570057145329	35.2250590997636	-0.00439581555023513	0.00217625097453099	35.2250590997636	-0.00558439558382901	0.00109014181949381	35.2250590997636	-0.0020793449734176	0.00228830053764146	35.2250590997636	-0.0011739154361983	0.00170091574059217	35.2250590997636	0.00172994442633972	0.00294746253590904	35.2250590997636	0.00203315964499977	0.00201027523212632	35.2250590997636	-0.00253847801522896	0.00183087097024352	35.2250590997636	-0.00298689979653737	0.00166468769254481
36.8634525461898	0.00612248686594869	0.00162882557353686	36.8634525461898	0.000779667934722311	0.00187287699102938	36.8634525461898	-0.00261206178316422	0.0015016388507552	36.8634525461898	-0.00317485904463333	0.00324685690918911	36.8634525461898	-0.00318880626541785	0.000891557197752533	36.8634525461898	0.00199868845354059	0.00207152818898517	36.8634525461898	-0.0023847201590811	0.00172837866851893	36.8634525461898	0.00429044707955278	0.00258594718504689	36.8634525461898	-0.00534307688027273	0.00253856151356206	36.8634525461898	0.00301259547094695	0.00220131651151201
38.501845992616	-0.00158272326267771	0.00100453516864539	38.501845992616	0.0046602829799838	0.00194381708620249	38.501845992616	-0.000717761424258167	0.00219768407846042	38.501845992616	-0.00135308244102837	0.0021418790873527	38.501845992616	0.00467886577122735	0.00271718152107144	38.501845992616	0.000321009365630243	0.00300328040089208	38.501845992616	0.00101285116812414	0.00301807320012688	38.501845992616	0.00321119551811293	0.00185039593000763	38.501845992616	-0.00662982722407506	0.00340158468619984	38.501845992616	0.00214873219977222	0.00323930280368965
40.1402394390422	0.00233744159064795	0.00157465570974278	40.1402394390422	0.00144153069256894	0.00179923263333846	40.1402394390422	0.00142150650832833	0.00205655294041493	40.1402394390422	0.000876792908088847	0.00170811073193106	40.1402394390422	0.00153004348729842	0.00155004741955416	40.1402394390422	0.00425935774721266	0.00253175786546513	40.1402394390422	0.000599957869867914	0.00247324307663756	40.1402394390422	0.000560259305046929	0.0020951082221884	40.1402394390422	-0.00291368113612915	0.00391334288704532	40.1402394390422	0.00262449077121727	0.002896789418917
41.7786328854685	-0.000160605461409927	0.00119276500315946	41.7786328854685	0.000150712011810241	0.00169158986285079	41.7786328854685	-0.00220579775060479	0.0023440771814941	41.7786328854685	0.00298300399204327	0.00257308792792645	41.7786328854685	0.00367097968357697	0.00254905915663928	41.7786328854685	0.00264718154152588	0.00178114350978628	41.7786328854685	0.00182948476212489	0.00235730131005267	41.7786328854685	-0.000106634832053164	0.00268700048049622	41.7786328854685	-0.0038700357847264	0.00293563110887915	41.7786328854685	-0.00179651452465645	0.00194657609589462
43.4170263318947	-0.00378095513225419	0.00242869848648758	43.4170263318947	-0.000247226407297257	0.00217071527629617	43.4170263318947	-0.00122313642090709	0.0016939538431722	43.4170263318947	-0.00142759835747557	0.00171479829343981	43.4170263318947	0.00100009786174915	0.00199337058264948	43.4170263318947	-0.00161798025748114	0.00173393010161822	43.4170263318947	-0.00154607694332132	0.00167203421971392	43.4170263318947	0.00177294608412664	0.00188577108416774	43.4170263318947	0.00143810309967014	0.0036362929156215	43.4170263318947	1.49098373522485E-5	0.00297839442478462
45.0554197783209	0.000508863686715878	0.00183627368046067	45.0554197783209	0.0024778413852098	0.00256004907829305	45.0554197783209	-0.00027513195451322	0.00196388542497842	45.0554197783209	-0.00114230319881356	0.00168731440687655	45.0554197783209	-0.000116877477670383	0.00209643493005182	45.0554197783209	-0.00299003029557907	0.00171850827145577	45.0554197783209	-0.00370056772212305	0.00249972389964179	45.0554197783209	0.00607927830258099	0.00200278368890035	45.0554197783209	-0.00295861536261351	0.00314080801285239	45.0554197783209	0.0014133779111599	0.00216232954105657
46.6938132247471	0.00232025678619116	0.00121440951446426	46.6938132247471	0.00469899578577072	0.00209871783095586	46.6938132247471	7.57014883967897E-5	0.00161460655489613	46.6938132247471	0.0026733796853813	0.00350953679895474	46.6938132247471	-0.00383631633481324	0.00243512693088629	46.6938132247471	0.000867889352839231	0.00288925782026324	46.6938132247471	-0.00152352815158738	0.00277850379355935	46.6938132247471	-0.000853578325148311	0.00260978753933493	46.6938132247471	-0.00168977718411823	0.00302763100816859	46.6938132247471	-0.00380135986069996	0.00187598602408146
48.3322066711733	0.00123531341606316	0.00152715831529092	48.3322066711733	-0.00162407983670575	0.00182611949227605	48.3322066711733	0.00118645275163797	0.00218780498199565	48.3322066711733	-0.000468790385062599	0.00140904593433201	48.3322066711733	0.000312477634576586	0.00201005003193103	48.3322066711733	-0.00323762431089852	0.00184483526793962	48.3322066711733	0.00276110666940769	0.00225303359199089	48.3322066711733	0.000335015794231487	0.00273317009102999	48.3322066711733	-0.00247393324525494	0.00257255779638474	48.3322066711733	7.44176786645343E-5	0.00202452994930388
49.9706001175995	-0.00214011184261337	0.00161441523641813	49.9706001175995	0.000981080119083423	0.00217155927458826	49.9706001175995	0.00330782165433726	0.00142659929818736	49.9706001175995	-7.41883170884446E-5	0.00244201553661999	49.9706001175995	-0.000710597665938786	0.00168814047968228	49.9706001175995	-0.00196430602868262	0.00265752029885325	49.9706001175995	0.000294771310658758	0.00182651389437474	49.9706001175995	0.000439350720571327	0.00202513977598788	49.9706001175995	-0.000747250317997575	0.00274812959979695	49.9706001175995	-0.00356011751255517	0.00240707912575182
51.6089935640257	-0.000735977726607751	0.00225361412338055	51.6089935640257	-0.0011542585624729	0.00168604914039358	51.6089935640257	-0.00124789306129531	0.00183710211509658	51.6089935640257	-0.00489519374165523	0.00225786399999022	51.6089935640257	-0.00276430586396173	0.0022599571622012	51.6089935640257	0.00283949499154902	0.00207804488800462	51.6089935640257	0.00127287667249113	0.00178945492099758	51.6089935640257	-0.000127679857428268	0.0032170419869399	51.6089935640257	-0.00330786626331402	0.00258273127885066	51.6089935640257	-0.00106187409957714	0.00310355107177594
54.0665837336651	-0.00179638544779589	0.00146833487941253	54.0665837336651	-0.000335342647824933	0.00119915078082811	54.0665837336651	0.00113855576394386	0.00132190095702726	54.0665837336651	-0.00119043144260023	0.00131309186615677	54.0665837336651	0.00168614378197535	0.00213071975433913	54.0665837336651	0.00403208197829445	0.00176417499948705	54.0665837336651	-0.000119281128861605	0.00204300071062198	54.0665837336651	0.00228689312389483	0.00210291550852731	54.0665837336651	0.000208590379928895	0.00316282502442473	54.0665837336651	0.00157819019148849	0.001855951889016
57.3433706265175	-0.00232069807664651	0.00164843690680344	57.3433706265175	0.00126228859441752	0.00163209560399779	57.3433706265175	-0.000888445168656217	0.00221631818066534	57.3433706265175	0.00062024015878092	0.00138582816689185	57.3433706265175	-0.00126319994061159	0.000920076496427635	57.3433706265175	-0.00112240946521252	0.00241603754975172	57.3433706265175	-0.000418989983569119	0.00117074705792499	57.3433706265175	0.00111177442495407	0.00231280419497251	57.3433706265175	0.000523447007922479	0.00213781122575639	57.3433706265175	-0.00146663180087245	0.00203708638595482
60.6201575193699	-0.00149060382380595	0.00179102298177744	60.6201575193699	0.000470665532916329	0.00159548801995561	60.6201575193699	-0.00403526080719446	0.00220633601591569	60.6201575193699	-0.00059427121672384	0.00174433923114344	60.6201575193699	0.000733747935026957	0.00105361012088443	60.6201575193699	9.77941460901368E-5	0.000859020644226072	60.6201575193699	-0.000947144313069865	0.00209944893259573	60.6201575193699	0.000667888580297694	0.00211430428440771	60.6201575193699	-0.00436940478814071	0.00225697257735437	60.6201575193699	-0.000642332784578934	0.00270947104030494
63.8969444122223	-0.000439587735485831	0.00155301374789205	63.8969444122223	0.00151097840731237	0.000828503942118321	63.8969444122223	-0.00104697358965716	0.00124440274618304	63.8969444122223	-0.000631123519635844	0.00219603114462002	63.8969444122223	-0.000919324547252955	0.0013331493288826	63.8969444122223	0.00264236772148018	0.00161195448542351	63.8969444122223	-0.000293369775101552	0.0016637311533553	63.8969444122223	0.00225942327039478	0.00173781320914731	63.8969444122223	0.00053430904455198	0.00178654642925667	63.8969444122223	0.00450346941435907	0.00111618194317834
67.1737313050748	0.00117911378745569	0.00115890544917696	67.1737313050748	0.00143110343346404	0.0020017824675497	67.1737313050748	-0.000953483538677294	0.00162214758463395	67.1737313050748	0.0013194072774768	0.0020025372176312	67.1737313050748	-0.00149075840475938	0.00201999119603043	67.1737313050748	0.000649510897574564	0.00224137015961964	67.1737313050748	-0.00140807061569147	0.0015972163002688	67.1737313050748	0.00207453185866544	0.00215731464903526	67.1737313050748	0.00178617458268844	0.00189730387787757	67.1737313050748	-0.00175173863832871	0.00196447843661865
70.4505181979272	-0.00139659684901286	0.00110614785274626	70.4505181979272	0.00153887933182514	0.00141095678577733	70.4505181979272	0.000297287860139957	0.00158047364291531	70.4505181979272	0.00522839748977532	0.00181626745216599	70.4505181979272	-0.00110383577284738	0.00209227216860799	70.4505181979272	0.00181206320183658	0.00121481932455215	70.4505181979272	-0.00301439164687114	0.00156389426789712	70.4505181979272	-0.000337223795657252	0.00261436394164042	70.4505181979272	-0.00183038191328145	0.00199875821272643	70.4505181979272	0.00154271336877669	0.00127302849067233
73.7273050907796	-0.000808524613317536	0.00174079569722578	73.7273050907796	0.000727864702352663	0.00188973911112674	73.7273050907796	-0.00211912457384277	0.000701789365014554	73.7273050907796	0.00278380448147222	0.00141103496603828	73.7273050907796	-0.0014881456164241	0.00136420245579349	73.7273050907796	0.00146524196284311	0.00130065702862974	73.7273050907796	-0.000843075567930239	0.00149827337633785	73.7273050907796	0.00296558381416231	0.0022170289534887	73.7273050907796	4.32833011160909E-5	0.00325462891948371	73.7273050907796	-0.00118336945675929	0.00170618101952372
77.0040919836321	-0.000952813287507038	0.00217133693064819	77.0040919836321	-1.47683232507969E-5	0.00173084275816098	77.0040919836321	-0.000752607052275723	0.00138850817006563	77.0040919836321	0.00283400490338609	0.00120178981141414	77.0040919836321	-0.00172683337902183	0.000954431354706153	77.0040919836321	0.00108681351682713	0.00222197356458223	77.0040919836321	-0.00406888283818409	0.00223647303910142	77.0040919836321	0.000493712372655507	0.00181678166778991	77.0040919836321	-0.00212165567073323	0.00177082589229366	77.0040919836321	0.0012598014735401	0.00153438264480815
80.2808788764845	0.00300819179838709	0.00161557303211395	80.2808788764845	0.00166116187873115	0.00186631289600939	80.2808788764845	-0.00103868737036652	0.00215091305667936	80.2808788764845	0.0022655133014995	0.00234492891070204	80.2808788764845	-0.00190898547796117	0.0013375451128202	80.2808788764845	0.000538349636994839	0.00178059845889751	80.2808788764845	0.00151457484541198	0.00179906398141767	80.2808788764845	0.00257225727411493	0.00166785469177222	80.2808788764845	9.66692128340254E-6	0.0011316736259067	80.2808788764845	-0.00045918366899991	0.00182839184231216
83.5576657693369	-5.24779231114367E-7	0.00159640790195404	83.5576657693369	0.00219840547509673	0.00166938653692701	83.5576657693369	-0.00266707875087642	0.00134630351289974	83.5576657693369	0.00372166119208905	0.00107829974510988	83.5576657693369	0.000975518542238934	0.00120396282059106	83.5576657693369	-0.00119651554588553	0.0014737134389805	83.5576657693369	-0.000368071691937661	0.00233821983398145	83.5576657693369	-0.000521923297075321	0.00182529715745774	83.5576657693369	-0.00539085952777852	0.00150934320100438	83.5576657693369	-0.000218796048002927	0.00210384659783681
86.8344526621894	0.000386161045587334	0.00231417081391518	86.8344526621894	0.000837435306440593	0.00130997081647406	86.8344526621894	-0.00279438630352663	0.00126476669325072	86.8344526621894	0.00289489937700577	0.00148305018261395	86.8344526621894	0.00130668522976638	0.00140941010411417	86.8344526621894	0.00234213858329259	0.00113861112973252	86.8344526621894	0.000762756622892646	0.00123758032007461	86.8344526621894	0.0016628958790449	0.00288719619740431	86.8344526621894	-0.000766782867490236	0.00267660897641098	86.8344526621894	0.00185312858134428	0.00157817482614148
90.1112395550418	-0.00141411687931249	0.00153229552628931	90.1112395550418	0.00391791535024459	0.00176901915908862	90.1112395550418	-0.00131618975560269	0.00187505928651165	90.1112395550418	0.00218999880715708	0.00162256839093216	90.1112395550418	-0.000403507292910153	0.00189847129883017	90.1112395550418	-0.00179049646606481	0.00173629001320263	90.1112395550418	0.00131043558653823	0.00294323841995183	90.1112395550418	-0.00238911819378769	0.00189581837416156	90.1112395550418	-0.00497330048429613	0.00124542778634358	90.1112395550418	-0.00057786806955859	0.00193336534352717
93.3880264478942	-0.00105561966887593	0.00177715129873819	93.3880264478942	0.000434653384120148	0.00200589408843533	93.3880264478942	-0.00027267749220108	0.00162481062875944	93.3880264478942	0.00049095349423	0.00120147402774753	93.3880264478942	-0.00239692611896683	0.00125862938817202	93.3880264478942	-0.000750084950166118	0.00193763918945661	93.3880264478942	0.000983133977004332	0.00149270058548761	93.3880264478942	-0.00146016465193584	0.002434960144704	93.3880264478942	0.00079672193555769	0.00124039332810502	93.3880264478942	0.00168587335143506	0.00227632553897559
96.6648133407466	-0.00160407332799587	0.00171806238512081	96.6648133407466	0.000181257222880715	0.0013451542882136	96.6648133407466	-0.000155297051864633	0.00181040213540157	96.6648133407466	0.00134512947323529	0.00220653487422391	96.6648133407466	-0.00134787227220494	0.00209463351003089	96.6648133407466	-0.000336886481699948	0.00174688296399604	96.6648133407466	0.00254479310009395	0.00145399974377991	96.6648133407466	-6.15113913261974E-5	0.00157636700811691	96.6648133407466	-0.00305132950743493	0.00146429521333159	96.6648133407466	-0.000719530289086327	0.0023890176355051
99.9416002335991	0.00183886877555469	0.00140696912773668	99.9416002335991	0.00413887271378961	0.000954214697212986	99.9416002335991	8.93712537977404E-5	0.00164163926494092	99.9416002335991	0.00112574778248701	0.00176304970386745	99.9416002335991	0.00151360429729125	0.00173610346559568	99.9416002335991	0.00170961341799955	0.00106673272360003	99.9416002335991	0.00300570840994357	0.00222780026507391	99.9416002335991	-0.00301180114231791	0.00133466704078428	99.9416002335991	0.000645489049916047	0.00274779396310903	99.9416002335991	-0.00408593979985567	0.00163064900194935
103.218387126452	0.000959134599235094	0.00101821857063446	103.218387126452	0.00051811003565329	0.00107308054642327	103.218387126452	-0.00339411579795094	0.00254049193379801	103.218387126452	0.00139512743995024	0.00247832604450426	103.218387126452	-0.000680864429261091	0.00172892009690422	103.218387126452	0.000472357819328849	0.0018624082407927	103.218387126452	-0.000392265154505227	0.00142532751688959	103.218387126452	-0.00064227865513879	0.00167677297313985	103.218387126452	-0.000177118469772843	0.00239788836361158	103.218387126452	-0.00026071347881616	0.00245900980663222
108.13356746573	-6.96247675967872E-5	0.0011205472385945	108.13356746573	0.000786770149830835	0.00148465152533613	108.13356746573	0.000636839346244914	0.0014729700637803	108.13356746573	0.000563712948020124	0.00126042952833799	108.13356746573	-0.000359306511129288	0.00158891917502244	108.13356746573	0.00228053978729072	0.00136384429943934	108.13356746573	-0.000321138397377236	0.00126453203287261	108.13356746573	0.000600157295009057	0.00158363018453505	108.13356746573	0.00131778806469776	0.00139091273157188	108.13356746573	0.000402335460689476	0.00133500387776508
114.687141251435	-0.00226348152157084	0.00122289088403992	114.687141251435	0.0023262128943957	0.00103089215959546	114.687141251435	-0.0013591214267682	0.000983545739658833	114.687141251435	0.000576948179727085	0.000814593762985062	114.687141251435	0.000562841863027493	0.000580251987330979	114.687141251435	6.01985070722404E-5	0.00184095847416782	114.687141251435	0.00241010460656771	0.00182770332180719	114.687141251435	0.00349249495217355	0.0015873807228274	114.687141251435	-0.00210436315861475	0.00174170908789925	114.687141251435	0.00278307655038308	0.00145749245049076
121.24071503714	0.00124168766708121	0.00158157700307653	121.24071503714	0.00046967132895251	0.00163798949500447	121.24071503714	-0.00109163685841696	0.000984852543903701	121.24071503714	4.89577434279909E-5	0.000963917623428503	121.24071503714	0.000651205659747176	0.00105125126629477	121.24071503714	2.51138891398412E-5	0.00112266597341702	121.24071503714	0.00183932545655693	0.00187723651492391	121.24071503714	0.000322815050850987	0.0023010193624233	121.24071503714	-0.000320715078418594	0.00218300646596922	121.24071503714	0.000959466815635846	0.00136324649739268
127.794288822845	-0.00186675452748302	0.00129276905097955	127.794288822845	-0.00187421568741204	0.0014397520426484	127.794288822845	-0.00126985312798999	0.0012515217420403	127.794288822845	0.00136281117354339	0.00133180278145461	127.794288822845	0.00105762992583387	0.0012024220490591	127.794288822845	0.00219364825695161	0.00125184518285259	127.794288822845	-0.000432318605847382	0.00114530755175095	127.794288822845	0.0012013381115751	0.00119766291559744	127.794288822845	0.00170606250846653	0.00204630536386929	127.794288822845	-0.00076163830488677	0.00190346620735722
134.34786260855	0.000416512423242109	0.000662905832068482	134.34786260855	-0.000226316121090913	0.00196192986600722	134.34786260855	-0.00307093039994968	0.00114991631499168	134.34786260855	0.000423548441917026	0.00213419759979181	134.34786260855	-0.000279475443081028	0.00168845170574136	134.34786260855	-0.00263270970449592	0.00114918949499711	134.34786260855	-0.000304372088620413	0.00145756041898463	134.34786260855	-0.00068908454852015	0.00150646106730964	134.34786260855	-0.000147306157961945	0.00206795425249169	134.34786260855	0.00087997602582664	0.00102217663363929
140.901436394254	-0.000683048023134818	0.0015463375931479	140.901436394254	-0.000781405774621334	0.0012326732437447	140.901436394254	-0.000270530984361096	0.000714328593575179	140.901436394254	-0.000311331262021854	0.00177299080321534	140.901436394254	-0.000477043202958532	0.00145821796170558	140.901436394254	-0.000311483277527346	0.00152443665054979	140.901436394254	-0.00147977384517161	0.00159578133616951	140.901436394254	-0.000422865734297935	0.00153033908430962	140.901436394254	-0.000514388616270437	0.00204161950920577	140.901436394254	-0.00341549215470889	0.00135110023851789
147.455010179959	-0.00139749425679702	0.00140609373376951	147.455010179959	-0.000379259577338655	0.000968174290608555	147.455010179959	0.000214164752857038	0.00166908225305689	147.455010179959	0.000333627203059436	0.00173094902584624	147.455010179959	0.000358720590527951	0.00125616181606929	147.455010179959	-0.000809605528759718	0.00152365939356989	147.455010179959	0.000661123901616727	0.0010818236450009	147.455010179959	-0.002038794053779	0.00136900707759132	147.455010179959	-0.00100799261434734	0.00185977781227776	147.455010179959	-0.00237288043364069	0.00122977216469865
154.008583965664	-5.46323245349414E-5	0.00160799211626048	154.008583965664	-0.000224724157994035	0.00191893415218348	154.008583965664	-0.0042022169961482	0.00139055112060358	154.008583965664	-0.00078938487994084	0.00230203542514278	154.008583965664	-0.00173556768582259	0.00158328828810482	154.008583965664	0.000438282775402015	0.00187717464539161	154.008583965664	0.000277383160737876	0.00170982874229873	154.008583965664	0.00115832581810566	0.000929093040456751	154.008583965664	-0.000731947616984249	0.00225509480041678	154.008583965664	0.000561593133361697	0.00160900247219383
160.562157751369	-0.00188696496289661	0.000811712161720398	160.562157751369	0.00103906480421367	0.0015155863106804	160.562157751369	-0.00133664494097433	0.00150524616255567	160.562157751369	-0.000371366361399104	0.00119202574383281	160.562157751369	-0.00109415963763385	0.000966931536198393	160.562157751369	-0.000915017668169111	0.00130175556432435	160.562157751369	0.000400990597471416	0.00139754658463089	160.562157751369	0.00234175869607741	0.00140563526522187	160.562157751369	-0.00305968440887886	0.00204320643593407	160.562157751369	-0.00284582897710206	0.00120057553553091
167.115731537074	0.00098455186452713	0.000583648110909261	167.115731537074	-0.000630592417961881	0.00159544570066317	167.115731537074	0.00107789288260139	0.00163864401136903	167.115731537074	0.00029197927105085	0.00154543290263314	167.115731537074	-0.000337093293276787	0.00135909929080622	167.115731537074	-7.87800765365584E-5	0.00139126566883224	167.115731537074	8.41523827023862E-7	0.000920839900848563	167.115731537074	0.00156335168007451	0.00151948469686999	167.115731537074	-0.00234277867167797	0.00121493223194193	167.115731537074	-0.00317137785194922	0.00185962324004404
173.669305322779	-0.000926013310497319	0.00109976428662805	173.669305322779	0.000571136825402646	0.00152424258859888	173.669305322779	-0.00128579777378717	0.00148023270991777	173.669305322779	-0.00158226792087575	0.00176573985114679	173.669305322779	9.58094765472903E-5	0.00125699827276024	173.669305322779	0.00339133191168308	0.00156539507235547	173.669305322779	0.0016935107009763	0.00142116670241859	173.669305322779	5.90376274657911E-5	0.00163649604704408	173.669305322779	-0.00189295328202994	0.00162683243161159	173.669305322779	-0.000283390192987179	0.00140153155255407
180.222879108484	0.000354637730523669	0.000886794484888815	180.222879108484	0.00197297010368543	0.00173951720704081	180.222879108484	-0.000130304729154808	0.00178092152210096	180.222879108484	-0.00134840897985193	0.00173463928734645	180.222879108484	-0.000401045096653097	0.00226404588338011	180.222879108484	-0.00118717319550771	0.00165636673314256	180.222879108484	0.000108375044295385	0.00167124955251601	180.222879108484	-0.000488481857951317	0.00146965531535815	180.222879108484	-0.0013028832741477	0.00159616062889377	180.222879108484	-0.00219286418039416	0.00173972801446634
186.776452894188	0.000559151943907717	0.00106921732824314	186.776452894188	-0.000483209123315442	0.00138643506509371	186.776452894188	0.00340321084622733	0.00111545687665822	186.776452894188	-0.000927193874666121	0.00105696845345627	186.776452894188	-0.00122222672155207	0.00161576687236265	186.776452894188	0.00133009051815056	0.0023426489747524	186.776452894188	0.00223720010551626	0.00106123605666663	186.776452894188	-0.000938597058157145	0.00074386092034354	186.776452894188	-0.00229458463950423	0.00156994461106278	186.776452894188	-0.00123668823083814	0.00112892449873747
193.330026679893	-0.000860840914343495	0.00104516295191169	193.330026679893	-0.00120289695505816	0.00122642799556848	193.330026679893	0.00252845140935924	0.00149205786232129	193.330026679893	-0.000543459512360979	0.00108719429530545	193.330026679893	-0.00079740350433707	0.00141467055363845	193.330026679893	-0.000248014356512974	0.00141022249685412	193.330026679893	0.00172640788993507	0.00115180776569946	193.330026679893	-4.07660275365936E-5	0.00175387331713465	193.330026679893	-0.003971985003655	0.0016094968243271	193.330026679893	0.000892765941196568	0.00132311253353907
199.883600465598	-0.00280252486914866	0.001071371021929	199.883600465598	-0.00085308714572774	0.00170133726049544	199.883600465598	-0.000181964730703629	0.00172215709471572	199.883600465598	0.000897385240028724	0.00168689193661245	199.883600465598	-0.00099759282199488	0.00173513174918487	199.883600465598	0.000479883251365544	0.00216277692257229	199.883600465598	0.00106596790634065	0.00181625375661942	199.883600465598	0.0018806334885255	0.000815136344382673	199.883600465598	0.00180984905130711	0.0020881497490465	199.883600465598	0.0014304310127829	0.000861399526843462
206.437174251303	0.000536910381136781	0.000991708318209155	206.437174251303	0.00135667681678342	0.00187702587356701	206.437174251303	0.000625010109625019	0.00201738250165117	206.437174251303	0.000145572859931158	0.00149683041348708	206.437174251303	0.00120720147980834	0.00119317999980357	206.437174251303	0.00135004751484241	0.00199094289485395	206.437174251303	0.00156199158632862	0.00168241360147579	206.437174251303	0.00150941539670994	0.00138031025461962	206.437174251303	-7.34179159946567E-5	0.00182816926136455	206.437174251303	-0.000264544640707552	0.00106722618785421
216.26753492986	0.000741117648487445	0.00106271420794461	216.26753492986	0.000796942588034339	0.00146293278180807	216.26753492986	-0.000298944141193325	0.000899081941930793	216.26753492986	-0.00013098514317695	0.0013801812345862	216.26753492986	-0.00039951553305691	0.00122072477092607	216.26753492986	0.000268253525312724	0.00178408197500922	216.26753492986	0.000265511841129318	0.00156433806451402	216.26753492986	-0.000281197159112376	0.0014012847918991	216.26753492986	-0.000473625869656528	0.00196999706016069	216.26753492986	-0.000444402081449636	0.00118230846268273
229.37468250127	-0.00113862528165968	0.00104248775779157	229.37468250127	0.00101675896149642	0.00141394259937592	229.37468250127	0.00171435435817496	0.000990425547428868	229.37468250127	-0.000109379315274243	0.00164001020434176	229.37468250127	-4.22743175632865E-5	0.00221602345923175	229.37468250127	-0.00182292929545627	0.00166636164675199	229.37468250127	0.00256328254370682	0.00117410604253491	229.37468250127	-0.00144308075292851	0.00186764208133341	229.37468250127	-0.000946956458649828	0.00205020310990205	229.37468250127	0.000605749960932084	0.00122864709703161
242.48183007268	-0.00265105150481045	0.00114510227204116	242.48183007268	0.000437396576547909	0.00178299464171262	242.48183007268	0.000243568433635256	0.00169942756167184	242.48183007268	-0.000553511543875747	0.00108029615696293	242.48183007268	-0.00106661007693392	0.00179703168606182	242.48183007268	0.000867255573488565	0.00155065993648467	242.48183007268	0.00103647726433395	0.00127837399173053	242.48183007268	1.90447052613233E-5	0.00162577884109724	242.48183007268	-0.00279470555638455	0.00161946657830068	242.48183007268	0.000616499999434073	0.000700682945000174
255.588977644089	-0.000495771704959905	0.000959747131000223	255.588977644089	0.0001376220944542	0.00154157540566848	255.588977644089	-0.000152461917476311	0.00117905744910379	255.588977644089	-0.000894158646952738	0.0010960022270822	255.588977644089	0.00140822513449071	0.00158241179527457	255.588977644089	0.00169285986269447	0.00121334825133498	255.588977644089	0.0027889907215644	0.00157151065951027	255.588977644089	0.00112600481217863	0.00225318691296131	255.588977644089	0.00114240003679871	0.00160805969456011	255.588977644089	0.00108768206837105	0.00124034081837512
268.696125215499	-0.0011131712623742	0.00128726657153435	268.696125215499	0.00193404632755202	0.00155212345494805	268.696125215499	0.00109436636962131	0.00152353356867674	268.696125215499	0.000207617434741274	0.00154867258171871	268.696125215499	-0.00112865030601777	0.00159508281445896	268.696125215499	0.00134467788872818	0.00139917590161965	268.696125215499	0.00212163236456675	0.000991716779609544	268.696125215499	-0.000376880777389926	0.00137226284629454	268.696125215499	-0.000706347369184039	0.00149587288759061	268.696125215499	-0.00164548891142188	0.00100664119693846
281.803272786909	-0.00122130495641246	0.000827600367681618	281.803272786909	-0.000737409978582359	0.00153550326148684	281.803272786909	0.00180071495274366	0.00164427094066984	281.803272786909	0.00130716555239734	0.00131059612336811	281.803272786909	0.000875790454804193	0.00178740048553707	281.803272786909	-0.00118593791783128	0.00274615985356835	281.803272786909	0.00199411201868092	0.00165624714511188	281.803272786909	0.00113483251723544	0.00186037003165966	281.803272786909	0.000181730803647046	0.00207969229247348	281.803272786909	-0.00207309540860882	0.00139842556507082
294.910420358319	-0.00186868393063913	0.00123726300210726	294.910420358319	-0.000429749314673327	0.00142189825645705	294.910420358319	0.000504161110917878	0.00141649170186787	294.910420358319	0.000866071391290296	0.00138732837763383	294.910420358319	0.000576921920874691	0.00127256999547556	294.910420358319	-0.000774637672091157	0.00165641624262214	294.910420358319	0.000800141808572196	0.00124859755821027	294.910420358319	0.000906765006550734	0.00183420682818277	294.910420358319	0.000222535642929197	0.0017127061734326	294.910420358319	-0.00184814647631662	0.00132934843233696
